inquiry_id,received_at,channel,customer_id,product_id,inquiry_type,inquiry_text,status
C00001,2026-04-06 21:52,앱,U12225,P00031,상품정보,머그컵 전자레인지 사용 가능한지 궁금합니다.,접수
C00002,2026-05-11 11:00,카카오톡상담,U63093,P00028,반품,"선물하려고 산 디퓨저인데, 받는 분이 이미 가지고 있다고 해서요. 다시 보내드리려면 어떤 절차를 거쳐야 하나요?",처리중
C00003,2026-04-07 16:37,웹,U49673,P00001,상품정보,"퀸 사이즈 침대 커버, 상세 페이지에 보이는 패턴 외에 다른 패턴은 없나요?",처리중
C00004,2026-04-27 17:58,카카오톡상담,U37389,P00055,배송문의,제주도인데 추가 배송비가 붙나요? 얼마 정도 예상해야 할까요?,처리중
C00005,2026-04-17 00:42,웹,U38891,P00028,배송문의,실수로 예전 주소로 시켰어요. 혹시 변경 가능할까요? 새 주소는 서울 강남구 테헤란로 123입니다.,답변완료
C00006,2026-05-28 05:35,앱,U41105,P00008,상품정보,혹시 이 블라우스 팔 부분이 너무 조이는 편인가요? 제가 팔뚝이 좀 있어서요.,답변완료
C00007,2026-05-28 17:13,카카오톡상담,U65910,P00068,주문결제,어제 구매한 디퓨저 세트 결제 취소했는데 아직 카드사 승인 취소 문자가 안 왔어요. 언제쯤 처리되나요?,접수
C00008,2026-04-07 12:32,앱,U24357,P00009,반품,원래 구매하려던 디자인이 아니라서요. 이거 다시 가져가실 수 있을까요?,답변완료
C00009,2026-04-24 20:03,카카오톡상담,U15714,P00073,반품,"아이 옷을 시켰는데, 오염된 채로 왔습니다. 사진 찍어놨는데, 이거 다시 가져가 주실 수 있을까요?",접수
C00010,2026-05-28 04:58,앱,U10746,P00054,교환,스키니진 28사이즈가 너무 꽉 껴서 불편해요. 한 사이즈 업해서 29로 다시 보내주세요.,처리완료
C00011,2026-04-27 07:37,웹,U41181,P00031,배송문의,"방금 택배 배송 완료라고 뜨는데, 문 앞에도 없고 경비실에도 없어요. 확인 부탁드립니다.",처리완료
C00012,2026-05-10 10:14,웹,U39322,P00059,회원멤버십,비밀번호를 여러 번 잘못 눌러서 계정이 잠긴 것 같아요. 해제 좀 부탁드립니다. 급하게 필요한 물건이 있는데 주문을 못하고 있어요.,처리완료
C00013,2026-04-09 01:02,앱,U60069,P00073,배송문의,"그릇 세트 시켰는데, 깨지지 않게 꼼꼼하게 포장해서 보내주시면 감사하겠습니다.",답변완료
C00014,2026-04-09 02:42,웹,U66308,P00034,취소,"아, 제가 같은 상품을 두 번 결제했네요. [주문번호: 20240520-111222] 이거 하나만 배송하지 마시고 환불해주세요.",접수
C00015,2026-05-05 21:14,앱,U32019,P00048,주문결제,옷 여러 벌이랑 식기 세트 샀는데 결제는 한 번만 됐는지 궁금합니다. 혹시 각각 결제된 건 아니겠죠?,처리완료
C00016,2026-04-17 07:34,카카오톡상담,U39652,P00068,회원멤버십,"이번에 이벤트 쿠폰을 받았는데, 다음 주문에 적용이 안 되네요. 유효기간이 지났나요? 아니면 특정 상품에만 되는 건가요?",답변완료
C00017,2026-05-25 20:19,전화,U13578,P00018,회원멤버십,"이사해서 주소를 변경해야 하는데, 마이페이지 어디서 수정하는 건가요? 다음 배송지 정보가 바뀌어야 해서요.",처리완료
C00018,2026-04-13 04:58,앱,U20375,P00035,재입고,"재입고 알림 신청은 했는데, 이 트레이닝복 상하 세트 다시 살 수 있는 거죠?",처리완료
C00019,2026-05-30 17:21,웹,U44943,P00027,취소,[주문번호: 20240520-654321] 에어프라이어 주문건인데요. 제가 주소지를 잘못 입력했어요. 수정보다는 그냥 안 보내주셨으면 해요.,처리완료
C00020,2026-05-21 01:41,카카오톡상담,U32915,P00007,취소,"음.. 침대 패드를 주문했는데요, 다른 사이트에서 더 마음에 드는 걸 찾아서요. 번거로우시겠지만 이 주문건 취소 가능할까요?",답변완료
C00021,2026-05-13 03:00,전화,U05779,P00001,주문결제,네이버페이로 결제했는데 승인 취소가 자꾸 지연돼요. 확인 좀 해주세요.,처리완료
C00022,2026-04-14 16:49,전화,U21179,P00057,회원멤버십,"아이가 학교 준비물로 필요한 옷이 있어서 가입하려고 하는데, 미성년자도 보호자 동의 없이 가입할 수 있나요?",처리중
C00023,2026-05-26 11:00,앱,U14664,P00010,교환,"모자 흰색으로 받았는데, 때 탈까 봐 걱정돼서 검정색으로 바꿔주실 수 있을까요?",접수
C00024,2026-05-24 23:19,앱,U48394,P00075,교환,"선물 받은 코트인데, 제 체형에는 좀 커서요. 한 사이즈 작은 걸로 받을 수 있을까요?",접수
C00025,2026-05-13 17:28,웹,U05483,P00040,주문결제,"아까 스탠드 조명 결제했는데, 문자 메시지가 두 번 왔어요. 혹시 중복 결제된 건가요?",처리완료
C00026,2026-04-05 20:57,전화,U27536,P00032,회원멤버십,한번 탈퇴하면 다시 가입하는 데 제한이 있나요? 몇 개월 후에 다시 가입하고 싶을 수도 있거든요.,답변완료
C00027,2026-05-06 08:07,카카오톡상담,U20258,P00031,재입고,이 니트 원피스 베이지색은 더 이상 안 나오나요? 너무 예뻐서 꼭 사고 싶어요.,접수
C00028,2026-04-19 04:33,카카오톡상담,U03249,P00023,환불,선물 받은 옷인데 사이즈가 안 맞아서요. 구매자한테 연락하지 않고 제가 이 돈을 다시 받을 수 있는 방법은 없나요?,처리완료
C00029,2026-05-11 23:21,웹,U34971,P00021,환불,"반품 택배는 도착했다고 뜨는데, 왜 아직도 계좌에 돈이 안 들어왔죠? 확인 좀 부탁드립니다.",답변완료
C00030,2026-05-09 03:23,앱,U61695,P00029,주문결제,제 아이디로 로그인했는데 최근 구매 내역이 하나도 안 보여요. 분명 뭘 샀는데…,접수
C00031,2026-05-16 16:35,전화,U40002,P00030,상품정보,디퓨저 용액 리필만 따로 구매 가능한가요?,접수
C00032,2026-04-04 07:08,웹,U52228,P00043,재입고,"아이들 장난감 정리함 민트색 품절이던데, 언제쯤 다시 구매 가능한가요?",처리완료
C00033,2026-04-08 17:45,전화,U46026,P00066,배송문의,"다음주 주말에 이사하는데, 그 전에 꼭 받았으면 좋겠어요. 배송일 지정이 가능할까요? 주문번호는 XXXX입니다.",처리중
C00034,2026-05-24 01:28,전화,U03618,P00015,상품정보,이 가방은 안에 노트북 15인치까지 들어갈까요? 학생이라 수납 공간이 중요해서요.,처리완료
C00035,2026-04-19 08:05,전화,U05015,P00014,환불,"아직 배송 전인데, 주문한 옷 품절됐다고 문자 왔어요. 그럼 결제된 금액은 바로 취소되는 건가요?",처리중
C00036,2026-05-05 13:30,전화,U57200,P00078,상품정보,"식탁 의자 세트 소재가 원목이라고 되어 있는데, 어떤 종류의 원목인지 알 수 있을까요?",답변완료
C00037,2026-05-09 09:34,웹,U33387,P00006,취소,"배송조회 해보니 아직 준비중이던데, 제가 갑자기 다른 지역으로 이사를 가게 되었어요. 택배를 받을 수가 없어서요, 발송하지 말아주시면 안 될까요?",처리중
C00038,2026-04-02 03:56,웹,U47740,P00056,기타,제가 가지고 있는 기프트카드 잔액은 어디서 조회할 수 있나요?,답변완료
C00039,2026-05-04 01:25,전화,U16335,P00039,취소,"[주문번호: 20240520-999000]인데요, 주문했던 스킨케어 세트 재고가 없다고 해서 다른 데서 구매했어요. 이건 안 보내주셔도 됩니다.",처리완료
C00040,2026-05-11 15:37,전화,U52744,P00038,반품,집들이 선물로 산 액자가 깨져서 도착했습니다. 어떻게 조치해야 하나요?,접수
C00041,2026-04-20 15:01,카카오톡상담,U49696,P00023,상품정보,이 티셔츠 비침이 심한가요? 여름이라서 걱정돼서 여쭤봅니다.,처리완료
C00042,2026-05-11 10:13,앱,U39830,P00037,교환,"평소 S 입는데, 이 스커트는 작게 나왔다고 해서 M 주문했어요. 근데 M도 좀 크네요. S가 나을지 다른 상품으로 갈아타야 할지 모르겠어요. 조언 좀 부탁드려요.",접수
C00043,2026-05-13 17:42,전화,U60947,P00057,교환,"새로 산 머그컵에 금이 가 있어요. 깨진 부분이 보이는데, 교환해 주시면 감사하겠습니다.",처리중
C00044,2026-04-22 17:57,카카오톡상담,U22242,P00011,재입고,"홈트용 매트 품절인데, 혹시 다시 들어오면 알려주실 수 있을까요?",처리완료
C00045,2026-05-22 01:05,전화,U12241,P00031,주문결제,"포인트 사용해서 결제하려고 했는데, 적용이 안 된 것 같아요. 다시 결제해야 하나요?",처리완료
C00046,2026-04-23 19:27,웹,U19314,P00004,반품,"구매했던 방향제가 향이 너무 독해서 머리가 아파요. 사용은 한 번 했습니다만, 이걸 계속 두기는 어려울 것 같아요.",답변완료
C00047,2026-04-25 18:31,카카오톡상담,U09546,P00059,재입고,에어프라이어 전용 종이호일 대용량 언제쯤 다시 살 수 있을까요? 다른 건 안 맞아서요.,처리중
C00048,2026-05-27 21:24,웹,U50329,P00064,배송문의,"택배사가 CJ대한통운으로 알고 있는데, 거기랑은 늘 문제가 있어서요. 다른 택배사로 변경은 안 되나요?",처리중
C00049,2026-04-25 16:31,웹,U00727,P00014,재입고,"베이킹 도구 세트 품절인데, 혹시 단종된 건가요? 아니면 다시 나올까요?",처리중
C00050,2026-04-23 05:56,웹,U67890,P00060,배송문의,"주문번호 20240523-XXXXX인데요, 아직 송장번호가 안 뜨는데 언제쯤 확인할 수 있을까요?",답변완료
C00051,2026-05-26 02:50,웹,U15907,P00059,재입고,이 블라우스 그레이 색상 S사이즈 언제쯤 다시 들어올까요? 너무 마음에 들어요.,접수
C00052,2026-05-17 02:41,전화,U58009,P00065,환불,"코트랑 니트 같이 샀는데, 니트만 반품했어요. 니트 가격만 다시 통장으로 들어오는 거죠?",처리중
C00053,2026-05-25 04:38,카카오톡상담,U20862,P00061,회원멤버십,"계정을 탈퇴하고 싶은데, 어떻게 해야 하나요? 마이페이지에서 못 찾겠어요. 너무 복잡하네요.",처리중
C00054,2026-04-27 03:57,웹,U36348,P00067,교환,가디건 색상이 화면이랑 좀 달라서요. 다른 색상으로 변경 가능한가요?,처리중
C00055,2026-04-25 05:28,전화,U57655,P00010,반품,배송 온 에코백 색상이 화면이랑 너무 달라요. 다른 색상으로 바꾸거나 돈을 돌려받고 싶습니다.,처리완료
C00056,2026-04-24 18:24,전화,U44021,P00041,주문결제,"저희 회사에서 쓸 사무용품 몇 가지 구매했는데, 법인카드로 결제했습니다. 세금계산서 발행 가능할까요?",답변완료
C00057,2026-04-15 10:26,웹,U30312,P00050,상품정보,겨울용 패딩 점퍼는 언제쯤 업데이트 되나요? 미리 보고 싶어서요.,접수
C00058,2026-04-22 18:32,앱,U54378,P00053,회원멤버십,"예전에 쓰던 아이디가 생각 안 나는데, 휴대폰 번호로도 찾을 수 있나요? 가입할 때 썼던 번호는 기억합니다.",처리완료
C00059,2026-05-24 16:22,카카오톡상담,U54497,P00008,주문결제,"휴대폰 소액 결제로 구매했는데, 취소하면 바로 한도 복구되나요?",접수
C00060,2026-05-12 19:00,카카오톡상담,U02561,P00074,취소,[주문번호: 20240520-333444] 주문한 여성 가디건. 다시 보니 색상이 마음에 안 들어서요. 아직 발송 안 되었으면 구매 안 하는 걸로 처리 부탁드려요.,처리중
C00061,2026-05-18 07:26,앱,U46106,P00039,교환,"블랙 니트 받았는데, 네이비로 다시 받고 싶어요. 색상이 마음에 안 들어서요.",처리중
C00062,2026-05-12 16:23,웹,U63994,P00029,반품,전에 주문했던 텀블러가 깨져서 도착했어요. 이거 어떻게 처리해야 하나요?,처리완료
C00063,2026-05-14 07:34,카카오톡상담,U03805,P00050,주문결제,무통장입금으로 하려고 하는데 계좌번호가 어디에 나와 있나요?,처리완료
C00064,2026-05-11 06:07,웹,U61262,P00017,주문결제,"결제 오류가 계속 뜨는데, 시스템 문제인가요 아니면 제 카드 문제인가요?",답변완료
C00065,2026-05-10 06:08,앱,U11004,P00055,회원멤버십,"실수로 회원 탈퇴를 눌렀는데, 다시 복구할 수 있나요? 아직 배송 중인 상품도 있거든요. 너무 놀랐어요.",접수
C00066,2026-05-16 19:50,웹,U06591,P00034,재입고,"사무실 슬리퍼 검정색 230 사이즈 품절인데, 이거 곧 다시 들어올까요?",처리중
C00067,2026-05-03 18:47,웹,U59599,P00042,환불,"지난주에 받은 침구세트, 한번 세탁했는데 보풀이 너무 심하게 일어나요. 혹시 이거 돌려드릴 수 있나요?",처리완료
C00068,2026-05-08 19:25,전화,U55256,P00033,환불,"교환하려고 했다가 그냥 취소로 바꾸는 바람에 절차가 복잡해진 것 같은데, 언제쯤 최종적으로 돈이 들어올지 알려주세요.",답변완료
C00069,2026-05-17 15:53,앱,U06827,P00045,교환,새로 온 텀블러 밑부분에 작은 스크래치가 있네요. 티는 많이 안 나지만 기분 상해서 새 것으로 보내주시면 안 될까요?,접수
C00070,2026-04-08 15:53,앱,U04068,P00032,취소,"제가 급하게 필요한 줄 알고 시켰는데, 해외배송이라 너무 오래 걸린다고 하네요. 다른 데서 샀어요. 이건 그냥 발송 안 해주셔도 돼요.",접수
C00071,2026-04-03 23:29,웹,U31267,P00017,회원멤버십,회원가입 페이지에서 약관 동의 후 다음으로 넘어가지 않습니다. 혹시 시스템 문제인가요?,처리중
C00072,2026-04-13 02:32,웹,U60953,P00033,교환,이 제품은 제 스타일이 아닌 것 같아서요. 다른 제품으로 바꿔서 다시 주문하고 싶어요.,처리완료
C00073,2026-04-18 06:58,앱,U21466,P00040,상품정보,세라믹 냄비 세척은 어떻게 해야 가장 오래 사용할 수 있나요? 연마제 사용 여부가 궁금해요.,답변완료
C00074,2026-05-28 04:25,앱,U40889,P00074,재입고,"품절된 실내화 핑크색 240 사이즈, 다시 판매할 계획이 있으신지 궁금합니다.",처리중
C00075,2026-05-10 12:16,웹,U09962,P00076,주문결제,"결제 비밀번호를 여러 번 틀려서 잠겼는데, 어떻게 해제하나요?",접수
C00076,2026-04-11 21:26,전화,U15867,P00073,반품,지난주에 산 블라우스 단추가 하나 떨어졌어요. 입지도 않았는데 이러면 좀 그렇죠.,답변완료
C00077,2026-05-05 17:02,카카오톡상담,U48572,P00009,기타,사이트에서 상품 후기 작성하려고 하는데 페이지가 안 열리네요.,처리완료
C00078,2026-04-03 05:28,카카오톡상담,U64252,P00014,재입고,"전에 샀던 스탠드 조명 다시 사고 싶은데, 지금 품절이네요. 혹시 언제쯤 다시 구매할 수 있을까요?",처리중
C00079,2026-05-07 03:57,카카오톡상담,U20053,P00056,상품정보,그레이 색상 맨투맨 실제 색감이 화면이랑 많이 다른가요? 좀 더 어두운지 밝은지 궁금해요.,접수
C00080,2026-05-22 15:45,전화,U63373,P00060,반품,"사용하지 않은 새 상품인데, 그냥 환불받고 싶어서 연락드렸어요. 어떻게 보내야 할까요?",처리중
C00081,2026-05-29 12:33,전화,U42246,P00032,교환,맨투맨 소매 시보리가 너무 짱짱해서 불편해요. 소매 통이 좀 더 여유 있는 다른 맨투맨으로 보내주세요.,답변완료
C00082,2026-04-29 01:56,카카오톡상담,U31964,P00060,교환,"잠옷 세트 L사이즈가 너무 타이트해서요, XL로 바꾸고 싶습니다.",처리중
C00083,2026-05-04 15:51,앱,U64790,P00042,기타,이번 추석 연휴 기간에는 배송이 어떻게 되는지 궁금합니다. 지연되나요?,접수
C00084,2026-05-19 08:04,웹,U46508,P00034,기타,"가입 시 입력했던 휴대폰 번호를 변경하고 싶은데, 어디서 수정해야 하는지 알려주세요.",처리완료
C00085,2026-04-29 03:39,전화,U01331,P00067,회원멤버십,"개인 정보 보호를 위해 비밀번호를 주기적으로 바꾸라고 하는데, 얼마나 자주 바꾸는 게 좋을까요? 매번 바꾸기도 어렵네요.",접수
C00086,2026-04-10 07:29,웹,U53272,P00063,기타,생일 쿠폰은 언제 자동으로 지급되는 건가요? 제 생일이 이번 달인데 아직 안 들어왔어요.,접수
C00087,2026-05-18 05:22,카카오톡상담,U58744,P00003,회원멤버십,"승승장구몰에 가입하려고 하는데, 본인인증 단계에서 계속 오류가 나네요. 어떻게 해야 하나요?",답변완료
C00088,2026-04-30 13:37,웹,U53006,P00032,배송문의,지난주에 시킨 주방용품 아직 소식이 없네요. 원래 이렇게 오래 걸리나요?,처리완료
C00089,2026-05-28 11:07,전화,U62032,P00071,반품,"주문 번호 12345678 상품, 제가 마음이 바뀌어서요. 보내주시기 전에 취소하고 싶었는데 이미 발송되었네요. 돌려보내는 방법을 알려주세요.",처리완료
C00090,2026-05-13 07:29,전화,U46113,P00059,주문결제,분명히 결제 완료 버튼 눌렀는데 다시 장바구니로 돌아와요. 왜 이러죠?,처리완료
C00091,2026-05-01 18:29,전화,U30218,P00016,회원멤버십,적립금으로 결제할 때 최소 사용 금액 제한이 있나요? 1000원 이하 소액도 사용할 수 있나요?,접수
C00092,2026-05-02 15:16,앱,U24268,P00025,반품,실수로 두 개를 주문했어요. 하나는 도로 가져가 주시면 감사하겠습니다.,접수
C00093,2026-05-19 00:15,전화,U68766,P00077,반품,"조카 주려고 샀는데, 이미 똑같은 게 있다고 하네요. 이거 다시 보내도 될까요?",처리완료
C00094,2026-04-11 18:14,웹,U38830,P00030,기타,특정 브랜드 겨울 신상품은 언제쯤 입고될 예정인지 궁금합니다.,처리완료
C00095,2026-04-19 10:07,전화,U01855,P00069,교환,새 옷인데 옷깃 부분에 얼룩이 작게 묻어있어요. 깨끗한 상품으로 보내주세요.,접수
C00096,2026-04-28 15:11,앱,U07147,P00071,재입고,세라믹 머그컵 그린색 품절 풀릴까요? 물건 들어오면 바로 살 거예요.,처리완료
C00097,2026-04-14 06:15,카카오톡상담,U13447,P00002,상품정보,딸아이 원피스 130사이즈 재입고는 언제쯤 되는지 궁금합니다.,처리완료
C00098,2026-05-17 13:46,카카오톡상담,U57734,P00044,상품정보,모델분 키가 몇이신데 S사이즈 입으신 건가요? 제가 키가 비슷한데 핏감이 궁금해서요.,접수
C00099,2026-04-06 23:42,전화,U62617,P00015,상품정보,이 니트 M사이즈 가슴단면이랑 총장 좀 알려주실 수 있을까요? 상세 페이지에 안 나와 있어서요.,답변완료
C00100,2026-05-10 21:42,카카오톡상담,U09711,P00074,주문결제,"장바구니에 담아둔 옷이랑 생활용품 여러 개가 있는데, 최종 결제 금액이 좀 이상한 것 같아요. 확인해주세요.",답변완료
C00101,2026-04-16 17:32,웹,U39825,P00011,기타,로그인을 하려는데 계속 비밀번호가 틀리다고 나와요. 재설정 링크도 안 오고요.,접수
C00102,2026-04-13 12:00,카카오톡상담,U29582,P00067,재입고,그 접이식 테이블 다시 들어올 예정 없나요? 계속 기다리고 있어요.,처리중
C00103,2026-05-15 17:46,카카오톡상담,U38975,P00076,주문결제,"계좌이체 방식으로 결제하려고 하는데, 계좌 정보가 안 보여요.",처리중
C00104,2026-05-01 15:35,앱,U13007,P00027,기타,고객센터 전화 연결이 너무 힘들어서 여기로 문의드립니다. 교환 신청하려고 하는데 어떻게 해야 할까요?,접수
C00105,2026-04-27 16:40,앱,U20586,P00031,환불,"바지 사이즈가 너무 커서 반품 처리했는데, 언제쯤 다시 돈이 들어올까요?",접수
C00106,2026-05-25 14:14,앱,U20518,P00001,회원멤버십,등급별 혜택이 궁금해요. 상위 등급이 되면 어떤 점이 좋은지 알려주세요. 특히 생일 쿠폰 같은 건 얼마나 주나요?,처리중
C00107,2026-05-15 17:44,카카오톡상담,U38176,P00005,환불,"새로 산 원피스에 실밥이 너무 많이 풀려있어서요. 불량인 것 같은데, 이 돈은 도로 받을 수 있을까요?",접수
C00108,2026-04-29 23:19,전화,U59511,P00010,반품,아동복 티셔츠가 한 번 세탁했는데 줄어들었어요. 이런 경우는 어떻게 해야 하나요?,접수
C00109,2026-04-27 16:27,웹,U55724,P00015,환불,"어제 주문한 티셔츠, 아무래도 취소해야 할 것 같아요. 결제는 어떻게 처리되나요?",접수
C00110,2026-04-16 11:10,전화,U18644,P00010,주문결제,카드 번호 입력까지 다 했는데 '결제 실패'라고 뜨네요. 카드는 정상적인데 왜 그런가요?,답변완료
C00111,2026-04-18 02:37,전화,U37829,P00057,기타,"제가 구매했던 상품이 갑자기 품절 처리되었다고 문자가 왔는데, 어떻게 된 건가요?",답변완료
C00112,2026-05-17 12:08,전화,U52758,P00035,배송문의,"집에 사람이 없을 것 같은데, 문 앞에 놓아달라고 택배 기사님께 요청할 수 있나요?",처리중
C00113,2026-05-14 12:03,앱,U05225,P00056,회원멤버십,"비회원으로 구매한 적이 있는데, 그때 입력했던 정보를 연동해서 가입할 수 있나요?",처리완료
C00114,2026-05-30 14:45,전화,U03391,P00012,교환,바지 허리 부분에 실밥이 너무 심하게 풀려있어요. 새 제품으로 다시 보내주세요.,접수
C00115,2026-05-27 20:18,앱,U35326,P00074,상품정보,이 수납 선반 조립은 쉬운 편인가요? 제가 조립에 좀 약해서요.,답변완료
C00116,2026-04-19 00:13,카카오톡상담,U68022,P00057,취소,주문하고 나니 비슷한 종류의 가전제품이 집에 이미 있더라고요. 제 착각이었네요. 발송 전에 주문 취소하고 싶어요.,처리완료
C00117,2026-04-19 14:54,카카오톡상담,U64452,P00012,환불,배송이 너무 늦어져서 급하게 다른 옷을 샀어요. 주문 취소하고 입금한 금액 돌려받고 싶습니다.,처리중
C00118,2026-05-05 18:48,카카오톡상담,U43688,P00042,회원멤버십,어떤 제품을 구매하면 포인트를 더 많이 받을 수 있나요? 예를 들어 신상품이나 특정 카테고리 같은 거요.,답변완료
C00119,2026-04-17 14:44,전화,U53956,P00064,회원멤버십,"지난번에 구매하고 상품평 썼는데, 적립금이 안 들어왔어요. 확인 좀 해주세요. 벌써 일주일이 넘었네요.",처리완료
C00120,2026-05-10 21:07,앱,U59615,P00012,반품,생각보다 품질이 별로인 것 같아서 구매를 취소하고 싶습니다.,처리완료
C00121,2026-04-26 12:07,전화,U15195,P00052,환불,"전에 적립금으로 일부 결제했는데, 이번에 반품하면 적립금으로 다시 들어오나요 아니면 현금으로 받을 수 있나요?",답변완료
C00122,2026-05-24 16:20,카카오톡상담,U54166,P00007,취소,"생각보다 좀 비싸서 구매를 좀 더 고려해봐야 할 것 같아요. 아직 발송 전이라고 나오던데, 이 주문 취소해주시면 감사하겠습니다.",접수
C00123,2026-05-22 08:03,전화,U65339,P00057,반품,배송비를 부담하더라도 이 물건을 다시 보내고 싶어요. 방법을 알려주세요.,답변완료
C00124,2026-04-21 18:19,전화,U17173,P00037,환불,"여러 개 시켰는데, 그 중 하나만 품절이라서요. 그럼 그 품절된 물건 값만 다시 돌려받는 건가요?",처리중
C00125,2026-05-19 01:27,앱,U03784,P00078,환불,얼마 전에 받은 그릇 세트 중 하나가 깨져서 왔어요. 이 부분은 결제한 금액에서 빼주시는 거죠?,접수
C00126,2026-04-17 09:02,전화,U01793,P00071,취소,"안녕하세요, 배달 음식 시킨다고 생각하고 주문을 해버렸네요. 제가 뭘 한 건지... 이거 주문 잘못한 거예요! 보내지 마세요!",처리중
C00127,2026-04-11 01:11,웹,U14872,P00060,회원멤버십,"가지고 있는 적립금이 얼마인지, 그리고 언제까지 쓸 수 있는지 알고 싶어요. 소멸 예정인 포인트도 있는지요?",답변완료
C00128,2026-04-16 22:46,카카오톡상담,U38255,P00066,반품,"오늘 배송받은 원피스가 생각보다 길이가 너무 짧아서 그런데, 이거 다시 보내드리고 환불받을 수 있을까요?",처리완료
C00129,2026-05-12 08:09,카카오톡상담,U61895,P00032,상품정보,이불 세트 극세사 소재는 먼지가 많이 나는 편인가요? 기관지가 안 좋아서 신경 쓰이네요.,처리중
C00130,2026-05-25 12:32,웹,U50278,P00025,취소,"안녕하세요, 제가 이전에 주문했던 잠옷 세트가 아직 도착을 안 해서요. 같은 걸 하나 더 주문했는데, 지금 보니 이전 주문건이 곧 도착할 것 같네요. 방금 주문한 건은 그냥 진행하지 않아도 괜찮아요.",접수
C00131,2026-04-08 18:40,전화,U54388,P00044,환불,사진이랑 옷 색깔이 너무 달라서 입을 수가 없네요. 보내면 다시 결제 취소 해주시는 거죠?,처리완료
C00132,2026-04-02 05:58,전화,U39133,P00076,재입고,"이 쿠션 커버 네이비 색상, 혹시 다음 달쯤엔 다시 판매될까요?",처리중
C00133,2026-04-16 10:15,카카오톡상담,U63484,P00045,취소,"어제 밤 10시쯤에 구매한 컵 세트 말인데요, 갑자기 지출이 너무 많아져서 좀 부담스럽네요. 혹시 아직 발송 안 됐으면 주문 취소 부탁드립니다.",처리완료
C00134,2026-05-25 14:03,카카오톡상담,U59683,P00042,주문결제,결제일이 주말이었는데 다음주 월요일에 결제된다고 하네요? 맞나요?,접수
C00135,2026-04-25 04:27,카카오톡상담,U30614,P00053,기타,"상품 선물하기 기능이 있다고 들었는데, 포장 서비스도 같이 이용할 수 있나요?",답변완료
C00136,2026-05-02 21:24,카카오톡상담,U49969,P00050,반품,제 노트북이 고장 나서 이제 필요 없어졌어요. 택배비 내고 다시 보내드릴게요.,접수
C00137,2026-05-20 02:11,앱,U16548,P00065,반품,"청바지 사이즈가 작아서 안 맞아요. L로 교환하고 싶은데, 혹시 재고 없으면 그냥 구매 취소하고 싶어요.",처리완료
C00138,2026-04-11 17:51,카카오톡상담,U13070,P00068,교환,원피스 무늬가 사진이랑 좀 다르게 느껴져서요. 무늬 없는 다른 디자인으로 변경 가능할까요?,처리중
C00139,2026-04-03 11:45,웹,U53737,P00020,취소,"안녕하세요, 어제 밤에 주문한 티셔츠랑 바지인데요, 마음이 바뀌어서요. 아직 발송 전이면 이 주문 취소 처리 부탁드립니다.",답변완료
C00140,2026-05-17 13:59,전화,U44376,P00051,환불,반품 접수한지 며칠 됐는데 아직 카드 취소 문자가 안 와서요. 언제쯤 처리될 예정인가요?,답변완료
C00141,2026-05-03 21:36,카카오톡상담,U41506,P00063,기타,매일 출석체크 이벤트는 언제까지 진행되나요?,답변완료
C00142,2026-04-08 15:25,웹,U37668,P00030,주문결제,"칫솔이랑 세제 샀는데, 앱에서 결제 오류가 계속 발생해요. 웹사이트에서 해야 하나요?",답변완료
C00143,2026-05-14 03:13,앱,U13174,P00057,상품정보,주황색 스커트 다른 사이즈도 추가될 예정이 있나요? S사이즈가 품절이라서요.,접수
C00144,2026-05-01 01:48,앱,U06029,P00042,회원멤버십,외국인도 가입 가능한가요? 외국인 등록번호 같은 걸로 가입할 수 있는지 궁금합니다.,답변완료
C00145,2026-04-30 11:35,전화,U49132,P00056,교환,"운동화 240 사이즈가 딱 맞을 줄 알았는데, 좀 답답하네요. 245로 한 치수 큰 걸로 보내주실 수 있을까요?",접수
C00146,2026-04-25 17:01,카카오톡상담,U23601,P00022,배송문의,"사이즈가 안 맞아서 바지를 반품하고 싶은데, 반품할 때 배송비는 제가 부담해야 하는 건가요?",접수
C00147,2026-04-09 16:00,카카오톡상담,U31567,P00064,반품,주문한 수건이 색깔이 다르게 왔어요. 확인 후 다시 보내주세요.,접수
C00148,2026-04-24 13:02,카카오톡상담,U33290,P00059,환불,"식탁 매트 하나가 살짝 찢어져서 왔는데, 제가 잘못 뜯은 건지 원래 그랬던 건지 모르겠어요. 일단 돌려보내면 이 부분은 계산 안 하는 거죠?",처리완료
C00149,2026-04-02 21:53,카카오톡상담,U37701,P00070,배송문의,다른 날짜에 주문한 두 건을 묶어서 한꺼번에 보내주시면 안 될까요? 배송비가 아까워서요.,접수
C00150,2026-04-09 04:06,카카오톡상담,U45294,P00076,회원멤버십,가족 아이디로도 적립금을 같이 사용할 수 있나요? 아니면 통합해서 쓸 수 있는 방법이 있는지 궁금합니다.,처리완료
C00151,2026-05-13 04:42,전화,U59879,P00039,회원멤버십,탈퇴하면 그동안 쌓인 적립금이랑 구매 내역은 다 사라지는 건가요? 혹시 나중에 다시 볼 수 없나요?,접수
C00152,2026-05-09 08:24,카카오톡상담,U13980,P00031,배송문의,승승장구몰에서 알려준 송장번호 조회해보니 없는 번호라고 나오네요. 다시 확인해서 알려주세요.,처리중
C00153,2026-05-27 12:40,전화,U38781,P00038,기타,"비밀번호 재설정을 하려고 하는데, 가입했던 이메일 계정이 없어져서 메일을 받을 수가 없어요.",답변완료
C00154,2026-05-10 10:17,전화,U01062,P00073,재입고,"이 바지 블랙 27사이즈 품절인데, 재입고 알림 신청하면 너무 오래 걸리나요?",답변완료
C00155,2026-05-30 21:01,카카오톡상담,U37513,P00030,기타,승승장구몰 단독 특가 상품들은 주로 언제 업데이트되는지 궁금해요.,처리완료
C00156,2026-04-23 06:19,웹,U32851,P00018,취소,장바구니에 담아놨던 물건이 자동으로 주문되었나봐요. 지금 살 형편이 안 되는데.. 혹시 아직 출고 안 됐으면 이 주문은 없애주세요.,답변완료
C00157,2026-04-05 19:51,전화,U57780,P00005,회원멤버십,"친구 추천으로 가입했는데, 추천인 적립금은 언제 들어오나요? 아직 안 들어왔네요.",처리완료
C00158,2026-04-14 18:12,앱,U38681,P00042,취소,"안녕하세요. 아동복 티셔츠 두 벌 구매했는데, 아이가 다른 옷을 선물 받아서요. 이 옷은 더 이상 필요가 없어졌습니다. 출고 전이라면 배송을 멈춰주세요.",처리중
C00159,2026-04-19 01:16,웹,U17323,P00070,상품정보,바지 28사이즈가 평소 입는 S랑 비슷할까요? 실측 사이즈가 궁금합니다.,처리완료
C00160,2026-05-23 12:58,전화,U21568,P00033,재입고,위시리스트에 넣어뒀던 아로마 디퓨저 품절이네요 ㅠㅠ 언제쯤 다시 살 수 있을까요?,처리중
C00161,2026-04-30 15:43,전화,U15096,P00060,취소,"급하게 필요한 줄 알고 여러 개 시켰는데, 다시 보니 하나만 있어도 될 것 같아요. 칫솔 5개 시킨 것 중에서 4개는 그냥 안 살게요. 1개만 보내주세요.",답변완료
C00162,2026-04-15 15:59,웹,U52090,P00072,교환,"수건 5개 묶음 주문했는데, 4개밖에 안 왔어요. 하나 더 보내주실 수 있나요?",처리완료
C00163,2026-04-10 18:25,카카오톡상담,U01825,P00034,반품,제가 주문한 그릇이 하나 빠져서 왔어요. 나머지는 괜찮은데 빠진 것 때문에 전체 구매를 취소하고 싶습니다.,답변완료
C00164,2026-05-16 03:43,전화,U34363,P00075,배송문의,제가 며칠 전에 승승장구몰에서 주문한 옷은 언제쯤 받아볼 수 있을까요?,처리중
C00165,2026-05-08 01:35,앱,U30648,P00061,교환,주문한 티셔츠 M 사이즈가 생각보다 너무 작네요. L 사이즈로 바꿔주실 수 있을까요?,답변완료
C00166,2026-05-26 12:10,전화,U29016,P00009,재입고,"이 가디건 민트색 S사이즈 품절인데, 혹시 물건 들어오면 바로 주문하고 싶어요.",처리중
C00167,2026-05-01 08:09,카카오톡상담,U15293,P00018,기타,앱에서 결제하려고 하는데 자꾸 오류가 나면서 안 돼요. 확인 부탁드립니다.,답변완료
C00168,2026-04-05 14:42,전화,U64570,P00015,환불,제가 시킨 건 파란색 머그컵인데 핑크색이 왔네요. 이거 다시 보내드리면 돈으로 돌려받을 수 있나요?,답변완료
C00169,2026-04-24 19:07,웹,U50941,P00059,회원멤버십,포인트 사용 방법이 너무 복잡한 것 같아요. 장바구니에서 자동 적용되는 게 아니고 직접 선택해야 하나요? 좀 더 쉽게 바꿔주세요.,처리완료
C00170,2026-05-24 10:44,카카오톡상담,U20254,P00054,기타,이번 달에 받을 수 있는 쿠폰은 언제 지급되는지 알고 싶어요.,답변완료
C00171,2026-05-19 12:15,카카오톡상담,U36667,P00005,기타,장바구니에 담아둔 상품들이 갑자기 다 사라졌어요. 복구 가능한가요?,처리완료
C00172,2026-04-23 02:16,카카오톡상담,U58288,P00031,기타,"다음 달부터는 새로운 의류 카테고리가 추가된다고 하던데, 맞나요?",처리완료
C00173,2026-04-11 15:30,전화,U47013,P00008,취소,[주문번호: 20240520-789012] 주문한 바지 사이즈가 너무 클 것 같아요. 상품평을 다시 읽어보니 제가 생각했던 것보다 훨씬 크게 나왔네요. 배송되기 전에 이 주문은 없던 걸로 부탁드려요.,처리중
C00174,2026-04-28 18:51,웹,U16012,P00059,교환,도착한 그릇이 깨져왔어요. 새 제품으로 다시 보내주세요.,답변완료
C00175,2026-04-22 14:14,앱,U06630,P00043,환불,"에어프라이어 새로 사려고 했는데, 남편이 이미 다른 걸 사와서요. 택배 받자마자 그대로 보내려는데, 결제 취소 부탁드려요.",접수
C00176,2026-04-14 05:25,웹,U08993,P00071,상품정보,도마 세트 중 가장 큰 도마의 정확한 가로세로 사이즈를 알려주세요.,접수
C00177,2026-05-28 22:22,웹,U30540,P00043,주문결제,"아동복이랑 장난감 샀는데, 신용카드 영수증 재발행 부탁드립니다.",접수
C00178,2026-05-29 20:44,앱,U36343,P00019,주문결제,"어머니께서 대신 결제해주셨는데, 제 이름으로 현금영수증 발행 가능한가요?",접수
C00179,2026-05-24 10:47,전화,U22872,P00015,반품,"받은 접시 세트 중 하나가 금이 가 있어요. 나머지 멀쩡한 것들까지 다 보내야 하나요, 아니면 문제 있는 것만 보내면 될까요?",답변완료
C00180,2026-04-14 19:07,앱,U46956,P00031,재입고,"그 캔들 워머 라이트 우드 색상 품절인데, 다시 판매 예정이 있나요?",처리완료
C00181,2026-04-03 12:46,웹,U34783,P00007,반품,배송된 캐리어에 스크래치가 너무 심해요. 이거 새 제품으로 다시 보내주셔야 할 것 같습니다.,접수
C00182,2026-05-12 20:54,앱,U08331,P00061,주문결제,"회원가입 없이 비회원으로 샀는데, 구매 내역 확인은 어떻게 해요? 핸드폰 번호로 조회되나요?",처리중
C00183,2026-05-07 03:36,앱,U59246,P00065,기타,영수증이 필요한데 온라인에서 발급받을 수 있는 방법이 있을까요?,접수
C00184,2026-04-06 05:02,전화,U60037,P00004,교환,맨투맨 재질이 생각보다 거칠어서요. 부드러운 재질의 다른 상품으로 받고 싶습니다.,답변완료
C00185,2026-05-18 12:06,카카오톡상담,U55873,P00014,배송문의,앱에서 배송 조회를 눌러도 아무것도 안 뜨고 에러가 나네요. 제가 뭘 잘못한 건가요?,처리중
C00186,2026-05-15 01:34,앱,U10590,P00042,기타,모바일 앱에서 푸시 알림을 받고 싶지 않은데 설정하는 방법을 모르겠습니다.,접수
C00187,2026-04-08 09:03,웹,U36047,P00075,기타,현재 진행 중인 프로모션이 있는지 궁금합니다.,처리완료
C00188,2026-05-08 23:34,전화,U59470,P00065,교환,"세탁망 L 사이즈로 샀는데, 망이 너무 얇아서 금방 찢어질 것 같아요. 좀 더 튼튼한 재질의 다른 세탁망으로 변경하고 싶어요.",처리중
C00189,2026-04-11 15:06,앱,U28184,P00056,상품정보,텀블러 세척솔은 포함되어 있는 건가요?,처리중
C00190,2026-04-24 04:25,카카오톡상담,U44425,P00059,회원멤버십,"VIP 할인 쿠폰이라고 해서 받긴 했는데, 적용이 안 되는 품목도 있나요? 장바구니에 담아도 할인이 안되네요.",처리중
C00191,2026-05-12 09:19,앱,U40967,P00055,재입고,"작년에 구매했던 핸드워시 리필, 올해는 안 나오나요?",처리완료
C00192,2026-04-26 17:56,전화,U20007,P00061,교환,이어폰 케이스 덮개가 헐거워서 자꾸 열려요. 불량인 것 같은데 새 제품으로 받고 싶어요.,답변완료
C00193,2026-04-10 20:34,앱,U12220,P00056,재입고,"품절인 스킨케어 세트, 혹시 다른 구성으로라도 다시 나올까요?",답변완료
C00194,2026-05-08 04:19,웹,U07862,P00076,취소,"[주문번호: 20240520-1234567] 검정색 원피스 S사이즈로 주문했는데, L사이즈로 잘못 누른 것 같아요. 확인하시고 이 주문은 배송 안 되게 처리해주세요.",처리완료
C00195,2026-04-13 20:49,카카오톡상담,U46347,P00055,교환,"주문한 에코백 말고, 같이 본 백팩으로 받아볼 수 있을까요? 차액은 제가 지불하겠습니다.",답변완료
C00196,2026-04-29 22:13,전화,U46091,P00014,상품정보,벽걸이 시계 건전지 타입이 AAA인가요 AA인가요?,접수
C00197,2026-04-17 00:32,카카오톡상담,U29393,P00014,취소,"어쩌죠? 주문하고 결제까지 했는데, 다른 카드에 포인트가 더 많이 쌓여서 그걸로 다시 결제하고 싶어요. 기존 주문은 받지 않는 걸로 해주시면 감사하겠습니다.",처리완료
C00198,2026-05-26 00:11,전화,U15059,P00036,반품,받은 지 얼마 안 된 주전자가 물이 새는 것 같아요. 확인 좀 부탁드립니다.,접수
C00199,2026-05-13 15:54,앱,U35055,P00004,기타,친구 추천 이벤트는 어떻게 참여해야 하나요? 설명 좀 해주세요.,접수
C00200,2026-04-28 12:45,전화,U44542,P00045,배송문의,"일주일째 상품 준비 중이라고만 뜨는데, 언제쯤 출고될까요? 급하게 필요한 거라서요.",답변완료
C00201,2026-04-19 14:42,웹,U52532,P00009,기타,쇼핑몰 이용 가이드 같은 건 따로 없나요? 궁금한 점이 많아서요.,접수
C00202,2026-04-04 23:26,앱,U69532,P00028,교환,"아이보리색 코트 주문했는데, 거의 흰색에 가까운 색이 왔어요. 홈페이지 사진처럼 따뜻한 아이보리로 다시 받을 수 있나요?",처리중
C00203,2026-05-12 18:16,카카오톡상담,U44682,P00021,기타,회원 탈퇴를 하고 싶은데 메뉴를 못 찾겠어요. 어떻게 해야 하나요?,처리완료
C00204,2026-05-02 06:10,전화,U11136,P00007,교환,색상 변경 가능한가요? 다른 색으로요.,접수
C00205,2026-04-17 06:47,앱,U10694,P00035,주문결제,"선물용으로 텀블러랑 에코백 샀는데, 친구에게는 가격 정보 없이 보내고 싶어요. 결제 내역에 가격이 뜨나요?",처리중
C00206,2026-05-13 04:01,카카오톡상담,U57940,P00054,주문결제,"아까 결제 단계에서 창을 닫아버렸는데, 다시 이어서 결제할 수 있나요?",처리완료
C00207,2026-04-22 22:18,앱,U45243,P00056,교환,"거실 매트 아이보리색으로 시켰는데, 생각보다 때가 탈 것 같아 베이지색으로 변경하고 싶습니다.",답변완료
C00208,2026-04-29 12:00,카카오톡상담,U69067,P00040,주문결제,이번 달 승승장구몰에서 제가 뭘 샀는지 내역 좀 뽑아주실 수 있나요?,답변완료
C00209,2026-04-23 09:50,카카오톡상담,U07181,P00001,취소,"어버이날 선물로 주문했는데, 날짜 맞춰서 안 올 것 같다고 해서 그냥 백화점에서 샀습니다. 이 주문은 배송 전이라면 더 이상 진행하지 말아주세요.",접수
C00210,2026-05-01 06:21,웹,U17988,P00033,회원멤버십,제 현재 등급이 어떻게 되는지 확인하고 싶어요. 어디서 볼 수 있나요? 다음 등급까지 얼마나 남았는지도요.,처리완료
C00211,2026-05-03 20:34,앱,U01014,P00064,배송문의,혹시 해외로도 배송 가능한가요? 미국에 있는 친구한테 옷을 선물하고 싶어서요.,처리중
C00212,2026-04-19 01:23,웹,U49835,P00069,배송문의,"니트랑 세제 각각 다른 날에 시켰는데, 혹시 합배송으로 한 번에 받을 수 있을까요?",접수
C00213,2026-05-20 13:41,전화,U09448,P00051,반품,"화장실 슬리퍼가 도착했는데, 한 짝이 찢어져 있어요. 사진 보낼 수 있나요?",답변완료
C00214,2026-05-14 08:27,앱,U60261,P00010,교환,"구매한 바지 대신, 저번에 장바구니에 넣어뒀던 침대 커버로 바꿔서 받을 수 있을까요?",처리완료
C00215,2026-05-27 21:36,카카오톡상담,U53009,P00054,재입고,품절된 상품 목록 중에 이 립밤 다시 풀릴 가능성 있나요? 선물하고 싶어서요.,처리완료
C00216,2026-04-13 04:22,카카오톡상담,U02734,P00042,주문결제,결제 수단 변경하려고 하는데 방법을 모르겠어요. 신용카드에서 카카오페이로 바꾸고 싶어요.,접수
C00217,2026-05-16 16:06,전화,U11552,P00056,상품정보,린넨 셔츠 세탁은 드라이클리닝만 해야 하나요? 아니면 손세탁도 가능한가요?,답변완료
C00218,2026-04-25 14:58,카카오톡상담,U52488,P00068,교환,"블라우스 어깨 부분 봉제가 이상하고, 단추 하나가 헐거워요. 새 걸로 보내주시겠어요?",답변완료
C00219,2026-05-10 10:12,전화,U44501,P00029,기타,선물 받은 쿠폰이 있는데 적용하려고 하니 자꾸 적용 대상이 아니라고 합니다.,처리완료
C00220,2026-04-18 07:46,앱,U66911,P00015,재입고,"거실용 러그 큰 사이즈 품절인데, 이거 언제 다시 물건 채워져요?",접수
C00221,2026-05-05 22:06,전화,U19359,P00031,반품,구매했던 테이블 매트가 너무 커서 저희 식탁에 안 맞아요. 다른 상품으로 바꾸고 싶은데 괜찮을까요?,답변완료
C00222,2026-04-16 05:14,전화,U25857,P00023,기타,마이페이지에서 적립금 사용 내역이 보이지 않는데 어디서 확인해야 하나요?,접수
C00223,2026-04-09 07:35,웹,U64765,P00060,교환,새로 받은 토스트기가 작동이 안 돼요. 다른 새 상품으로 보내주시면 좋겠습니다.,처리중
C00224,2026-05-26 19:21,전화,U41437,P00020,취소,"이불 세트랑 커튼을 같이 시켰는데, 커튼이 너무 비싸서 부담스러워요. 이불만 받고 싶은데, 커튼은 그냥 안 보내주셔도 될 것 같아요.",처리중
C00225,2026-04-08 15:07,카카오톡상담,U57962,P00039,주문결제,가상 계좌로 입금했는데 입금 확인 문자가 안 와요. 확인 좀 부탁드려요.,처리완료
C00226,2026-05-29 10:06,앱,U46130,P00065,재입고,"품절 알림 신청해놨는데, 언제쯤 받아볼 수 있을까요? 그 텀블러 꼭 가지고 싶어서요.",답변완료
C00227,2026-05-02 03:18,카카오톡상담,U59234,P00005,재입고,작년에 샀던 여름 샌들 올해는 안 파시나요? 품절이던데요.,답변완료
C00228,2026-05-07 19:13,전화,U10058,P00012,취소,"[주문번호: 20240520-777888] 식탁 매트 4개 주문했는데요. 색상을 잘못 골랐어요. 이걸 배송시키면 나중에 반품해야 하니까, 미리 안 보내주시면 좋겠어요.",처리중
C00229,2026-05-16 22:11,앱,U58948,P00074,취소,"옷을 주문했는데, 갑자기 살이 빠져서 이 사이즈는 너무 클 것 같아요. 새로 시켜야 할 것 같아서, 이 주문은 철회하고 싶어요.",접수
C00230,2026-05-03 05:12,카카오톡상담,U65716,P00020,상품정보,식기 건조대 스테인리스 재질은 녹이 슬지 않는 재질인가요?,답변완료
C00231,2026-05-15 17:47,앱,U45016,P00011,주문결제,지난주에 샀던 이불 세트 영수증 발급 가능한가요? 개인 소득공제용으로 필요해요.,접수
C00232,2026-04-05 19:12,웹,U57378,P00057,취소,주문번호 11223344 입니다. 구매한 스탠드 조명. 갑자기 필요가 없어졌어요. 이 주문 건 취소해주세요.,접수
C00233,2026-05-07 07:56,전화,U37080,P00050,반품,제가 주문한 제품을 저희 집이 아닌 옆집으로 잘못 배송된 것 같습니다. 옆집에서 받아보니 제가 시킨 게 아니라고 합니다. 제가 주문한 물건과 함께 도로 가져가셨으면 합니다.,처리중
C00234,2026-05-04 20:27,앱,U43864,P00009,주문결제,"결제 정보를 저장해놨는데, 다음 번에 구매할 때 이 정보로 바로 결제되나요? 비밀번호 입력해야 하나요?",처리완료
C00235,2026-04-11 04:12,카카오톡상담,U37244,P00033,반품,새로 산 양말에 구멍이 나 있어요. 이거 불량품인가요?,접수
C00236,2026-05-04 08:47,앱,U18538,P00045,취소,"방금 전에 주문했던 실내화 세트인데요, 선물하려던 친구가 이미 받았다고 하네요. 이대로 보내지 마시고 결제 금액도 환불해주세요.",처리완료
C00237,2026-05-10 01:19,웹,U11105,P00040,회원멤버십,"이번 달에 옷이랑 생활용품 많이 샀는데, 다음 달엔 VIP로 올라갈 수 있을까요? 등급 기준이 궁금합니다.",처리중
C00238,2026-05-03 21:24,웹,U68996,P00012,기타,앱에서 이미지 로딩이 너무 느려요. 혹시 개선 예정이 있으신가요?,처리중
C00239,2026-05-21 08:51,전화,U02390,P00047,반품,"세일이라서 급하게 샀는데, 막상 받아보니 저랑 어울리지 않는 것 같아요. 그냥 없었던 일로 하고 싶습니다.",처리완료
C00240,2026-04-19 12:02,웹,U44792,P00063,상품정보,욕실 발매트 미끄럼 방지 처리 되어 있나요?,접수
C00241,2026-04-23 23:53,웹,U20309,P00010,교환,제가 실수로 다른 제품을 시킨 것 같아요. 혹시 제가 원했던 제품으로 수정해서 받을 수 있을까요?,처리완료
C00242,2026-04-11 19:40,앱,U44141,P00017,취소,"선물하려고 샀던 건데, 받는 분이 이미 똑같은 걸 가지고 있다고 해요. [주문번호: 20240520-555666]입니다. 배송 전에 이 건은 처리 멈춰주세요.",처리중
C00243,2026-04-16 23:26,웹,U23704,P00022,주문결제,삼성페이로 결제하려고 하는데 자꾸 오류가 뜨네요. 다른 결제 수단은 되는데 삼성페이만 안 돼요.,처리중
C00244,2026-04-06 05:48,카카오톡상담,U47750,P00031,배송문의,혹시 새벽 배송이나 당일 배송 같은 서비스는 없나요? 지금 바로 필요한 물건이라서요.,처리중
C00245,2026-05-31 06:47,전화,U58842,P00030,주문결제,해외 발행 카드로 결제하고 싶은데 가능한가요? 비자 카드입니다.,접수
C00246,2026-05-02 01:06,카카오톡상담,U25431,P00048,반품,이 옷이 저한테는 좀 불편하네요. 다른 분에게 넘기기도 그래서 그냥 다시 보내려고요.,처리중
C00247,2026-05-16 19:47,전화,U50053,P00065,주문결제,쿠폰 적용하려고 했는데 까먹고 그냥 결제해버렸어요. 지금이라도 적용해서 재결제 가능한가요?,처리중
C00248,2026-04-17 17:37,웹,U18141,P00033,반품,"상품을 수령했는데, 다른 제품으로 교환이 안 된다면 그냥 구매를 취소하고 싶어요. 방법 알려주세요.",답변완료
C00249,2026-05-18 15:51,전화,U13447,P00067,반품,받자마자 옷에서 이상한 냄새가 너무 심하게 나요. 도저히 입을 수가 없을 것 같아요.,답변완료
C00250,2026-04-29 16:14,앱,U21013,P00035,주문결제,지갑을 잃어버려서 기존에 등록된 결제 카드를 삭제하고 싶어요.,처리중
C00251,2026-05-21 20:11,웹,U57341,P00012,상품정보,"이 코트 소재가 울 100%라고 되어 있는데, 많이 까끌거리지 않고 부드러운 편인가요?",접수
C00252,2026-05-15 19:12,전화,U03496,P00054,배송문의,"아동복 세트 주문했는데, 아이가 많이 기다리고 있어요. 배송이 왜 이렇게 늦어지는지 궁금합니다.",답변완료
C00253,2026-05-10 11:48,전화,U30904,P00050,교환,구두가 발볼이 너무 조여서 아파요. 와이드핏으로 나온 다른 모델이나 한 치수 큰 걸로 보고 싶어요.,답변완료
C00254,2026-05-08 09:36,웹,U03695,P00041,교환,"분명 베이지 스커트 주문했는데, 그레이가 왔네요. 확인 후 올바른 제품으로 보내주시겠어요?",답변완료
C00255,2026-05-04 13:16,웹,U18036,P00005,환불,"사이트 설명에는 '고급 스텐'이라고 되어 있는데, 받아보니 너무 얇고 저렴해 보여요. 마음이 바뀌었는데, 결제된 돈 돌려받고 싶어요.",처리완료
C00256,2026-05-17 20:53,웹,U61488,P00058,기타,비회원으로 주문했는데 주문 번호를 잊어버렸습니다. 어떻게 찾을 수 있을까요?,답변완료
C00257,2026-04-09 16:36,앱,U33545,P00028,환불,반품했는데 배송비 3천원이 빠지고 입금됐어요. 혹시 제가 부담해야 하는 건가요? 아니면 원래 금액에서 빼주는 건가요?,접수
C00258,2026-05-25 06:48,카카오톡상담,U14574,P00037,주문결제,신용카드 결제 시 할부 가능한가요? 3개월 무이자 되는 카드 알려주세요.,접수
C00259,2026-05-01 05:43,앱,U06259,P00031,반품,몇 주 전에 샀던 이불 커버에 실밥이 자꾸 풀리네요. 사용한 지 얼마 안 됐는데 벌써 이러면 곤란해서요.,처리중
C00260,2026-05-16 09:09,앱,U14531,P00064,취소,"제가 분명 파란색 셔츠를 시켰는데, 주문내역에는 빨간색으로 되어있네요. 다시 주문해야 할 것 같아서요, 이 주문은 진행하지 말아주세요.",답변완료
C00261,2026-05-22 00:54,웹,U18819,P00038,재입고,"반려견 방석 라지 사이즈 품절인데, 재고 확보되면 알려주세요.",처리중
C00262,2026-04-02 03:38,전화,U31532,P00074,회원멤버십,"페이스북으로 로그인했었는데, 갑자기 안 되네요. 혹시 연동이 해제된 건가요? 다시 연결하려면 어떻게 해야 하나요?",처리중
C00263,2026-04-20 04:28,앱,U68615,P00047,상품정보,지금 주문하면 혹시 추석 전에 받아볼 수 있을까요? 선물용이라서요.,답변완료
C00264,2026-05-23 01:48,앱,U51178,P00061,주문결제,"결제 확인 메일이 안 왔는데, 스팸함에도 없어요. 제대로 구매된 건 맞나요?",답변완료
C00265,2026-05-09 13:29,전화,U33247,P00003,반품,주문한 행주 세트 중에 한 장이 아예 재봉 불량인 것 같아요. 새것으로 다시 보내주시거나 환불 부탁드립니다.,처리완료
C00266,2026-04-08 13:25,전화,U31605,P00014,배송문의,여러 개 주문했는데 송장 번호가 3개나 왔어요. 어떤 게 어떤 상품인지 알 수 있을까요?,처리완료
C00267,2026-04-14 22:52,앱,U46177,P00070,회원멤버십,"작년에 한동안 구매가 없어서 등급이 떨어졌는데, 다시 올리려면 얼마나 사야 할까요? 복구 기준이 궁금해요.",처리완료
C00268,2026-04-18 23:59,카카오톡상담,U62723,P00024,회원멤버십,아이디랑 비밀번호를 정확히 입력했는데도 계속 '로그인 정보가 일치하지 않습니다'라고 떠요. 비밀번호 찾기 해도 등록된 정보가 없다고 하네요.,접수
C00269,2026-04-08 03:02,카카오톡상담,U04848,P00038,교환,"주문 내역에는 와인잔 2개인데, 소주잔 2개가 왔습니다. 확인 부탁드립니다.",접수
C00270,2026-04-06 06:04,웹,U05493,P00041,반품,샤워 타월 색상이 제가 생각했던 것보다 훨씬 어두워서 좀 실망스러워요. 다시 보내고 싶어요.,처리완료
C00271,2026-05-22 00:55,카카오톡상담,U62050,P00033,반품,잘못된 상품이 배송되었습니다. 제가 시킨 건 검은색인데 흰색이 왔어요. 확인 부탁드립니다.,답변완료
C00272,2026-04-20 13:18,전화,U46790,P00007,재입고,품절된 베이직 티셔츠 흰색 M사이즈 혹시 추가 물량 들어올 예정 있나요?,처리완료
C00273,2026-04-28 12:38,앱,U48238,P00056,교환,셔츠 팔 길이가 너무 짧아서요. 혹시 기장 추가된 다른 제품은 없을까요?,처리중
C00274,2026-05-14 16:39,카카오톡상담,U44439,P00024,교환,옷 사이즈가 안 맞아서 다른 사이즈로요.,처리중
C00275,2026-05-20 07:18,전화,U68063,P00035,주문결제,방금 니트랑 바지 구매했는데 결제가 제대로 된 건지 확인 부탁드려요.,답변완료
C00276,2026-05-13 05:09,앱,U56441,P00078,회원멤버십,"자동 로그인 기능을 사용하고 싶은데, 핸드폰 앱에서 설정하는 방법을 모르겠어요. 매번 입력하기가 번거롭네요.",접수
C00277,2026-05-24 23:02,전화,U42102,P00014,회원멤버십,생일 쿠폰은 언제 지급되는 건가요? 이번 달이 제 생일인데 아직 안 들어왔어요. 혹시 조건이 있나요?,답변완료
C00278,2026-05-03 20:06,전화,U40174,P00058,취소,"갑자기 출장이 잡혀서 주문한 옷을 입을 일이 없어졌어요. 택배 받기 어려울 것 같아서요, 발송 전에 이 주문 건은 중단 부탁드립니다.",처리중
C00279,2026-04-18 04:18,카카오톡상담,U46078,P00058,반품,신발이 발이 너무 아파서 못 신겠어요. 착용은 딱 한 번 했어요.,답변완료
C00280,2026-05-06 05:31,카카오톡상담,U35987,P00008,교환,"공기청정기 필터를 주문했는데, 다른 모델 필터가 왔어요. 저희 집 모델에 맞는 걸로 보내주세요.",답변완료
