record_id,received_at,customer_name,gender,phone,inquiry_text,draft_label,gold_label
RAW00204,2026-06-08 17:52,오승민,남,010-2578-9698,"안녕하세요. 재입고되면 따로 연락 주시나요, 아니면 알림이 오나요? 빠른 답변 부탁드려요.",재입고,재입고
RAW00007,2026-06-06 10:27,김하은,여,010-1061-5958,안녕하세요. 결제일이랑 환불일이 다른 달인데 카드값에 어떻게 반영돼요? 빨리요,회원멤버십,환불
RAW00353,2026-05-05 18:11,최승재,남,010-1377-3172,바꾸고 싶은 색이 품절인데 들어오면 교환되나여?,교환,교환
RAW00027,2026-05-03 14:09,김승현,남,010-5561-8819,  문의드립니다.  예약 주문한 건데 출시 전에 취소도 가능한가요? 빨리요,취소,취소
RAW00268,2026-06-03 08:56,김용준,남,010-4433-9363,  안녕하세요.  리뷰 적립금은 언제 들어오나요? 어제 썼는데 아직이에요. ㅎㅎ,회원멤버십,회원멤버십
RAW00002,2026-05-05 01:58,류현주,여,010-7685-6748,  사이즈가  안 맞는데 그냥 돌려보내고 다시 살까요?,교환,교환
RAW00329,2026-05-14 14:53,문소율,여,010-7071-5112,법인카드로 결제하면 지출증빙용 영수증도 따로 받을 수 있나요? 감사합니다....,기타,주문결제
RAW00115,2026-06-02 02:27,박철민,남,010-6112-6100,수고 많으세요. 주문 두 건인데 같이 묶어서 한 번에 보내주실 수 있어요? 빠른 답변 부탁드려요. ㅠㅠ,,배송문의
RAW00205,2026-05-19 16:17,허보람,여,010-9870-2516,  본인인증이  자꾸 실패하는데 다른 방법으로 인증할 수 있나요?,회원멤버십,회원멤버십
RAW00065,2026-05-10 01:48,유유진,여,010-1333-4904,두 번에 나눠서 받기로 했는데 나머지 상품은 언제 출발해요? ㅠㅠ,,배송문의
RAW00335,2026-05-06 08:12,허기현,남,010-5129-1644,  안녕하세요.  오늘 안에 출고되면 내일 도착하는 건가요? 감사합니다.,,배송문의
RAW00233,2026-05-22 17:26,손윤서,여,010-8293-6052,물건 보냈는데 돈은 언제 들어오나요? ㅠㅠ,환불,환불
RAW00274,2026-05-27 14:48,임건우,남,010-3843-9147,물건 보냈는데 돈은 언제 들어오나요?,환불,환불
RAW00034,2026-05-12 18:09,오승민,남,010-4186-2727,  안녕하세요.  S로 받았는데 M으로 교환 가능할까요? 추가 비용 있나요? 감사합니다. ㅎㅎ,,교환
RAW00059,2026-05-31 02:30,한윤서,여,010-2734-2006,바꾸고 싶은 색이 품절인데 들어오면 교환되나여?,교환,교환
RAW00284,2026-05-19 22:54,남지혜,여,010-2944-4017,수고 많으세요. 구매한 상품으로 콘텐츠 만들어도 저작권 문제 없나요?,기타,기타
RAW00102,2026-06-06 15:53,오승민,남,010-6484-2905,문의드립니다. 신발 좌우 사이즈가 달라서 정상 제품으로 교한하고 싶어요. 감사함다.,교환,교환
RAW00210,2026-05-10 20:30,고정은,여,010-3022-7456,키 170인데 이 바지 기장이 어느 정도 올까요? ㅎㅎ,상품정보,상품정보
RAW00245,2026-05-02 05:37,양지유,여,010-6099-4215,  문의드립니다.  받자마자 깨져 있어서 반품하려고 하는데 사진 보내드릴까요? 감사함다. ㅎㅎ,반품,반품
RAW00267,2026-05-16 14:22,한재현,남,010-2840-9842,반품하고 환불받고 싶어요. 어떻게 하면 되나요?,반품,반품
RAW00172,2026-06-07 17:49,안영수,남,010-3392-7878,바꾸고 싶은 색이 품절인데 들어오면 교환되나요?,교환,교환
RAW00241,2026-05-20 06:53,안은정,여,010-2732-4324,수고 많으세요. 끈 길이 조절이 되나여? 키 작은 아이가 메도 괜찮을까요?,상품정보,상품정보
RAW00309,2026-05-12 00:39,박수빈,여,010-8240-8687,인기 상품이라 그런지 늘 없네요. 재입고 주기가 어떻게 되나여? 확인 부탁드립니다.!!,재입고,재입고
RAW00041,2026-05-30 09:21,배윤아,여,010-7720-1333,택배 박스가 찌그러져서 왔는데 안에 내용물은 괜찮을지 걱정돼요.,배송문의,배송문의
RAW00304,2026-06-07 17:12,임민재,남,010-5620-9144,아직 안 왔는데 그냥 안 받을래요. 취소해 주세염....,취소,취소
RAW00237,2026-05-21 06:12,장준서,남,010-5126-1159,아직 상품 준비중이던데 지금 취소하면 바로 되나여? ㅎㅎ,취소,취소
RAW00136,2026-05-07 11:03,오승민,남,010-4711-2582,바꾸고 싶은 색이 품절인데 들어오면 교한되나여?,교환,교환
RAW00324,2026-05-14 07:15,고수빈,여,010-4966-6380,선물할 거라 더 큰 사이즈로 교한하고 싶은데 가능할까요? 빠른 답변 부탁드려요.,교환,교환
RAW00244,2026-05-27 13:38,임건우,남,010-4775-8013,아직 안 왔는데 그냥 안 받을래요. 취소해 주세요.,,취소
RAW00045,2026-05-21 17:34,오규현,남,010-2479-1635,주문 취소하고 돈 돌려받고 싶어요. 아직 안 보냈죠? ㅠㅠ,취소,취소
RAW00130,2026-05-15 23:17,권승민,남,010-3487-1832,수고 많으세요. 받은 상품에 흠집이 있어서 새 제품으로 바꿔주셨으면 해요.,교환,교환
RAW00132,2026-06-09 09:10,윤채원,여,010-7899-3042,문의드립니다. 데일리 가죽 벨트 마음에 안 들어서 반품하려고요. 반품 신청 방법 알려주세요.!!,반품,반품
RAW00124,2026-06-07 16:17,장채은,여,010-2447-8544,마음에 안 들어서 그냥 다른 걸로 하고 싶은데 어떻게 해요? 빨리요,반품,반품
RAW00057,2026-05-15 06:38,배우진,남,010-8187-4631,문의드립니다. 두 개 주문 중 하나만 취소했는데 환불액 계산이 맞는지 봐주세요. 빠른 답변 부탁드려요.,주문결제,환불
RAW00338,2026-06-04 06:12,허광수,남,010-2301-9639,마음에 안 들어서 그냥 다른 걸로 하고 싶은데 어떻게 해요?,반품,반품
RAW00287,2026-05-25 18:28,류소율,여,010-6570-3104,문의드립니다. 전에 쓰던 제품이랑 호환되는 규격인지 확인하고 싶어요.,상품정보,상품정보
RAW00235,2026-05-10 06:51,홍소연,여,010-1081-8041,문의드립니다. 반품 다 됐는데 배송비가 차감돼서 환불됐네요. 왜 그런가요? 빠른 답변 부탁드려요. ㅎㅎ,환불,환불
RAW00203,2026-05-07 01:22,이승현,남,010-8008-5570,  안녕하세요.  제품에 하자가 있어서 반품하려는데 회수는 언제 오나요? 감사합니다.,반품,반품
RAW00234,2026-05-20 06:37,문하늘,여,010-1732-1893,  수고  많으세요. 이 운동화 쿠션감이 좋은 편인가요? 오래 걸어도 편한지요. 빠른 답변 부탁드려요.,상품정보,상품정보
RAW00103,2026-05-06 15:50,박현석,남,010-7660-1271,문의드립니다. 택은 안 뗐고 한 번도 안 입었어요. 반품 접수해 주세염.,교환,반품
RAW00200,2026-06-09 10:03,신현주,여,010-8462-8715,장바구니에서 결제하려는데 자꾸 오류 페이지로 넘어가요. 감사합니다.,반품,주문결제
RAW00256,2026-05-24 15:42,서민준,남,010-7848-2475,안녕하세요. 환불 예정일이 지났는데도 입금이 안 됐어요. 확인 부탁드려요. 확인 부탁드립니다....,기타,환불
RAW00056,2026-05-08 21:42,신승호,남,010-1366-4800,환불 영수증이나 증빙을 받을 수 있을까요? 회사 제출용이에요.,상품정보,환불
RAW00307,2026-05-12 22:26,송상우,남,010-1645-2461,문의드립니다. 이 색상만 계속 품절인데 다시 들어올 예정 있나요? 감사함다.,재입고,재입고
RAW00170,2026-05-26 05:07,오승민,남,010-2137-9332,안녕하세요. 키 170인데 이 바지 기장이 어느 정도 올까요?...,상품정보,상품정보
RAW00125,2026-05-16 08:17,장지우,여,010-9890-9752,쿠폰 잘못 써서 취소하고 다시 제대로 적용해서 주문할게요. 확인 부탁드립니다....,취소,취소
RAW00291,2026-06-08 01:07,황지훈,남,010-7315-1464,결제하자마자 마음이 바뀌었어요. 주문 취소되나요? 빠른 답변 부탁드려요.,취소,취소
RAW00253,2026-05-28 04:02,홍지우,여,010-5752-2260,용량이 몇 리터인가요? 4인 가족이 쓰기 충분할까요? 빠른 답변 부탁드려요....,상품정보,상품정보
RAW00219,2026-05-29 01:45,서용준,남,010-7496-2007,  문의드립니다.  구매한 상품으로 콘텐츠 만들어도 저작권 문제 없나요? 감사합니다.,기타,기타
RAW00297,2026-06-04 08:13,서소연,여,010-1027-7414,안녕하세요. 옵션을 잘못 선택해서 다른 사이즈로 바꿔주실 수 있나요?,교환,교환
RAW00310,2026-05-12 03:22,전재민,남,010-4751-3703,수고 많으세요. 교환할 상품 회수는 언제 오고 새 상품은 언제 받을 수 있나요? 확인 부탁드립니다.,교환,교환
RAW00112,2026-05-03 01:40,문지원,여,010-9585-2954,  주문  취소하고 돈 돌려받고 싶어요. 아직 안 보냈죠?,취소,취소
RAW00247,2026-06-03 17:50,송시은,여,010-9885-4263,  마음에  안 들어서 그냥 다른 걸로 하고 싶은데 어떻게 해요?,반품,반품
RAW00080,2026-06-07 00:19,정승민,남,010-9406-9042,불량이라 같은 걸로 교환 원해요. 교환 배송비는 안 드는 거죠? 빠른 답변 부탁드려요.,,교환
RAW00312,2026-05-17 04:25,송민준,남,010-1406-3765,  바꾸고  싶은 색이 품절인데 들어오면 교한되나요?,교환,교환
RAW00091,2026-05-02 01:44,안경수,남,010-9991-1273,  마음에  안 들어서 그냥 다른 걸로 하고 싶은데 어떻게 해요?,,반품
RAW00092,2026-05-05 09:22,최태현,남,010-3960-5527,재입고 수량이 적던데 알림 받으면 바로 사야 하나요? 확인 부탁드립니다.,,재입고
RAW00016,2026-05-05 12:05,허동현,남,010-8634-2131,  사이즈가  안 맞는데 그냥 돌려보내고 다시 살까요?,반품,교환
RAW00171,2026-05-19 23:43,양소율,여,010-3937-6572,대량으로 구매하면 따로 할인 견적 받을 수 있나요?,기타,기타
RAW00009,2026-06-01 01:07,권은영,여,010-3331-8691,안녕하세요. 냄새가 너무 심해서 못 쓰겠어요. 반품 처리해 주세요. 빨리요,재입고,반품
RAW00225,2026-05-15 18:14,신준우,남,010-3578-3534,  안녕하세요.  두 계정을 하나로 통합할 수 있나요? 적립금도 합쳐지나요? 감사합니다....,회원멤버십,회원멤버십
RAW00153,2026-05-30 21:37,오승재,남,010-9820-5797,주문 넣은 거 취소할게요. 다른 상품으로 새로 주문하려고요.,취소,취소
RAW00311,2026-06-06 00:49,윤윤아,여,010-3791-3204,안녕하세요. 오늘 도착 예정이라고 떴는데 아직도 안 왔어요. 몇 시쯤 와요?,배송문의,배송문의
RAW00217,2026-05-09 10:58,유다은,여,010-1395-4681,수고 많으세요. 인기 상품이라 그런지 늘 없네요. 재입고 주기가 어떻게 되나여? 빨리요,재입고,재입고
RAW00308,2026-06-03 04:31,오서진,남,010-7277-6865,안녕하세요. 불량이라 같은 걸로 교한 원해요. 교한 배송비는 안 드는 거죠?!!,교환,교환
RAW00266,2026-05-05 16:53,신다현,여,010-6349-9516,  리뷰  이벤트 당첨자 발표는 언제 어디서 확인하나요?,기타,기타
RAW00306,2026-05-17 16:40,오승민,남,010-3049-7866,문의드립니다. 이 가방에 13인치 노트북이 들어가는 크기인가요?,상품정보,상품정보
RAW00217,2026-05-09 10:58,유다은,여,010-1395-4681,수고 많으세요. 인기 상품이라 그런지 늘 없네요. 재입고 주기가 어떻게 되나여? 빨리요,재입고,재입고
RAW00042,2026-06-06 13:43,임지혜,여,010-7741-4424,사이즈가 안 맞는데 그냥 돌려보내고 다시 살까요?,교환,교환
RAW00167,2026-06-07 18:21,유은영,여,010-7850-4856,예전에 팔던 모델인데 재입고 가능성이 있을까요? 감사합니다.,재입고,재입고
RAW00238,2026-05-19 01:22,오승민,남,010-8365-3293,안녕하세요. 사이즈 하나만 품절인데 그것만 재입고 되나요? 빠른 답변 부탁드려요. ㅎㅎ,재입고,재입고
RAW00277,2026-05-21 17:46,안승현,남,010-6626-5320,  결제한  거 무르고 싶어요. 돈 언제 돌아와요? ㅠㅠ,취소,환불
RAW00265,2026-05-01 16:12,허윤서,여,010-3039-5360,문의드립니다. 박스 그대로 있어요. 반품하면 회수 택배가 오나요? 감사함다.,반품,반품
RAW00323,2026-05-05 00:31,오승재,남,010-8764-3225,  받는  사람 이름을 다르게 적었는데 그대로 배송되나요?,교환,배송문의
RAW00351,2026-05-23 02:49,최서윤,여,010-8574-9536,수고 많으세요. 친구가 같은 걸 선물해줘서 이 주문은 취소하려고요. 빠른 답변 부탁드려요.,환불,취소
RAW00030,2026-05-07 06:37,이예린,여,010-1869-3687,수고 많으세요. 포인트가 분명 있는데 결제할 때 사용 가능 금액이 0으로 떠요.,주문결제,주문결제
RAW00048,2026-05-20 00:15,유은정,여,010-6449-7061,수고 많으세요. 할인 적용 전 금액으로 결제됐어요. 차액 어떻게 되나여? 확인 부탁드립니다.,교환,주문결제
RAW00109,2026-05-04 16:08,장성민,남,010-2315-4743,사이즈가 안 맞는데 그냥 돌려보내고 다시 살까요? ㅎㅎ,,교환
RAW00242,2026-06-01 23:16,최철민,남,010-5880-3450,수고 많으세요. 환볼 예정일이 지났는데도 입금이 안 됐어요. 확인 부탁드려요. 확인 부탁드립니다.,환불,환불
RAW00175,2026-05-27 19:54,홍도윤,남,010-2051-6966,  결제한  거 무르고 싶어요. 돈 언제 돌아와요?,,환불
RAW00263,2026-05-20 02:17,정선우,남,010-5823-2130,안녕하세요. 장바구니에 잘못 담긴 게 결제돼서 바로 취소하려고요. 확인 부탁드립니다.,취소,취소
RAW00044,2026-05-22 16:30,배소율,여,010-5002-9050,환불 처리 상태를 어디서 확인할 수 있나요? 빠른 답변 부탁드려요.,재입고,환불
RAW00224,2026-05-26 09:55,장채은,여,010-8976-3847,바꾸고 싶은 색이 품절인데 들어오면 교한되나요?!!,교환,교환
RAW00148,2026-05-09 09:32,권수아,여,010-1308-7224,결제는 됐는데 재고가 없다고 다시 연락이 왔어염. 어떻게 되나여? 확인 부탁드립니다. 빨리요,교환,주문결제
RAW00084,2026-05-17 10:10,한기현,남,010-5282-8095,리뷰 이벤트 당첨자 발표는 언제 어디서 확인하나요? 감사함다.,기타,기타
RAW00068,2026-05-07 06:12,오승민,남,010-9521-9911,수고 많으세요. 반품 말고 그냥 맞는 사이즈로 바꾸기만 하고 싶어요.,교환,교환
RAW00211,2026-06-05 23:20,고하윤,여,010-7836-1392,반품하고 환불받고 싶어요. 어떻게 하면 되나요? ㅎㅎ,반품,반품
RAW00077,2026-05-23 12:42,최병철,남,010-4472-4644,  결제하자마자  마음이 바뀌었어요. 주문 취소되나요?,취소,취소
RAW00113,2026-05-10 21:41,허하준,남,010-8117-1874,안녕하세요. 광고 문자 수신 거부하고 싶은데 어떻게 하나요? 확인 부탁드립니다.!!,기타,기타
RAW00026,2026-05-22 08:50,윤성훈,남,010-5553-2671,사이즈가 안 맞는데 그냥 돌려보내고 다시 살까요?,교환,교환
RAW00082,2026-05-15 19:41,문종현,남,010-8670-8548,마음에 안 들어서 그냥 다른 걸로 하고 싶은데 어떻게 해요?,반품,반품
RAW00313,2026-05-02 04:22,허건우,남,010-3820-1680,쿠폰 잘못 써서 취소하고 다시 제대로 적용해서 주문할게요. 빠른 답변 부탁드려요. ㅎㅎ,취소,취소
RAW00167,2026-06-07 18:21,유은영,여,010-7850-4856,예전에 팔던 모델인데 재입고 가능성이 있을까요? 감사합니다.,재입고,재입고
RAW00005,2026-05-06 06:54,홍승재,남,010-9181-5008,안녕하세요. 받는 사람 이름을 다르게 적었는데 그대로 배송되나요? 감사함다. 빨리요,환불,배송문의
RAW00231,2026-05-27 18:14,장민지,여,010-7360-4029,탈퇴했다가 다시 가입하면 예전 등급이 유지되나여? 감사합니다.,회원멤버십,회원멤버십
RAW00337,2026-05-01 22:43,임지후,남,010-6773-3986,안녕하세요. S로 받았는데 M으로 교환 가능할까요? 추가 비용 있나요?,교환,교환
RAW00313,2026-05-02 04:22,허건우,남,010-3820-1680,쿠폰 잘못 써서 취소하고 다시 제대로 적용해서 주문할게요. 빠른 답변 부탁드려요. ㅎㅎ,취소,취소
RAW00097,2026-05-29 19:21,홍다현,여,010-7823-2385,  문의드립니다.  다음 입고 물량은 언제쯤 풀리는지 대략이라도 알 수 있을까요? 확인 부탁드립니다.,재입고,재입고
RAW00279,2026-05-29 03:41,류예준,남,010-2679-5520,  문의드립니다.  협업이나 입점 문의는 어디로 연락드리면 되나여?,기타,기타
RAW00143,2026-05-19 15:20,이현석,남,010-8448-4595,  제품에  하자가 있어서 반품하려는데 회수는 언제 오나요? 확인 부탁드립니다.,반품,반품
RAW00063,2026-05-21 03:59,서태현,남,010-7788-9142,상품 관련 제휴 제안을 드리고 싶은데 메일 주소 알 수 있을까요? 확인 부탁드립니다.,기타,기타
RAW00194,2026-05-17 15:00,강선우,남,010-5114-2007,  적립금으로  결제한 부분은 환불도 적립금으로 돌아오나요?,환불,환불
RAW00038,2026-05-10 16:30,손예린,여,010-8213-5569,주문 취소하고 돈 돌려받고 싶어요. 아직 안 보냈죠?,취소,취소
RAW00240,2026-05-21 06:44,오윤서,여,010-4516-6761,안녕하세요. 상품이 마음에 안 들 것 같아서 받기 전에 미리 취소할게요. 감사합니다.,취소,취소
RAW00137,2026-05-26 11:13,신상우,남,010-2977-1375,물건 보냈는데 돈은 언제 들어오나요?,반품,환불
RAW00227,2026-05-07 23:44,한철민,남,010-1800-9202,  반품  말고 그냥 맞는 사이즈로 바꾸기만 하고 싶어요.,교환,교환
RAW00151,2026-06-02 19:57,손하은,여,010-4421-4210,반품 다 됐는데 배송비가 차감돼서 환불됐네요. 왜 그런가요?!!,기타,환불
RAW00227,2026-05-07 23:44,한철민,남,010-1800-9202,  반품  말고 그냥 맞는 사이즈로 바꾸기만 하고 싶어요.,교환,교환
RAW00023,2026-05-09 08:22,송수아,여,010-2959-4973,결제가 두 번 된 것 같은데 하나 취소해 주세요. ㅠㅠ,취소,주문결제
RAW00017,2026-05-26 13:28,오승재,남,010-4827-2985,수고 많으세요. 주문번호로 실시간 배송 위치 확인할 수 있는 링크 있을까요? 감사함다.,배송문의,배송문의
RAW00147,2026-06-09 16:17,고윤아,여,010-8257-5381,문의드립니다. 회원 등급별 혜택을 한눈에 볼 수 있는 페이지가 있나요?,회원멤버십,회원멤버십
RAW00318,2026-06-03 03:06,강지혜,여,010-3393-8794,결제 완료 메일을 못 받았는데 주문이 들어간 게 맞나요? 확인 부탁드립니다.,주문결제,주문결제
RAW00258,2026-05-19 06:02,정기현,남,010-2364-3908,  수고  많으세요. 반품한 상품 회수된 지 일주일 넘었는데 환불이 아직 안 됐어요. 감사함다.,환불,환불
RAW00347,2026-05-05 13:35,이민준,남,010-6364-4601,문의드립니다. 세금계산서 발행도 가능한가요? 사업자로 구매하려고요.,배송문의,기타
RAW00006,2026-05-31 20:20,장은정,여,010-3742-1766,  환불  처리됐다고 문자 왔는데 통장에 아직 안 들어왔어요.,환불,환불
RAW00189,2026-05-16 09:26,문예진,여,010-7528-2474,수고 많으세요. 사진이랑 실물 품질 차이가 너무 커서 반품 신청합니다. 확인 부탁드립니다. ㅎㅎ,반품,반품
RAW00182,2026-05-05 11:29,장상우,남,010-1456-7188,결제한 거 무르고 싶어요. 돈 언제 돌아와요? ㅎㅎ,환불,환불
RAW00061,2026-06-08 23:25,최동현,남,010-8085-1560,  같은  상품 다른 색상으로 교한도 되나요?,교환,교환
RAW00107,2026-05-19 15:51,윤민재,남,010-8155-6595,안녕하세요. 이 화장품 성분에 향료가 들어 있나요? 민감성 피부라서요. 빠른 답변 부탁드려요.,상품정보,상품정보
RAW00200,2026-06-09 10:03,신현주,여,010-8462-8715,장바구니에서 결제하려는데 자꾸 오류 페이지로 넘어가요. 감사합니다.,반품,주문결제
RAW00283,2026-05-01 21:10,양하윤,여,010-6109-8294,결제하다가 오류 나서 두 번 눌렀는데 두 번 결제된 것 같아요.,기타,주문결제
RAW00149,2026-05-10 14:04,황민서,여,010-4574-6418,문의드립니다. 프린트가 비뚤게 인쇄돼서 멀쩡한 걸로 교한해 주세요. 빠른 답변 부탁드려요.,교환,교환
RAW00166,2026-06-09 23:36,허다은,여,010-1979-2527,문의드립니다. 선물포장 서비스 되나여? 메시지 카드도 넣을 수 있어요? ㅎㅎ,,기타
RAW00315,2026-05-05 12:54,박민서,여,010-4775-9926,  주문한  상품 중에 하나만 빼고 나머지는 취소하고 싶어요.,취소,취소
RAW00330,2026-05-30 15:54,서시우,남,010-1062-9075,아직 상품 준비중이던데 지금 취소하면 바로 되나요? 확인 부탁드립니다.,취소,취소
RAW00197,2026-05-16 03:29,황보람,여,010-8881-9713,선물받은 상품인데 영수증 없이도 반품할 수 있나요?!!,반품,반품
RAW00206,2026-05-25 18:17,신지유,여,010-6368-8472,안녕하세요. 오늘 안에 출고되면 내일 도착하는 건가요?,배송문의,배송문의
RAW00122,2026-05-22 22:59,박현우,남,010-9598-6285,  결제는  됐는데 재고가 없다고 다시 연락이 왔어요. 어떻게 되나여? 확인 부탁드립니다.,주문결제,주문결제
RAW00067,2026-05-01 10:34,류영수,남,010-8975-8859,반품하고 환불받고 싶어요. 어떻게 하면 되나여?,반품,반품
RAW00129,2026-05-16 04:01,한지원,여,010-6442-7145,적립금 유효기간이 얼마예요? 곧 소멸되는 게 있나요?,상품정보,회원멤버십
RAW00326,2026-05-02 10:56,허시우,남,010-5513-3545,선주문이나 예약으로 미리 잡아둘 수 있는 방법은 없나요? 확인 부탁드립니다.,재입고,재입고
RAW00104,2026-05-15 15:11,강예은,여,010-2723-4969,운송장 번호 조회해도 정보가 안 떠요. 정상인가요? ㅠㅠ,배송문의,배송문의
RAW00319,2026-05-15 04:59,유준우,남,010-8236-1589,결제 완료 메일을 못 받았는데 주문이 들어간 게 맞나요?,회원멤버십,주문결제
RAW00078,2026-05-14 07:11,양예은,여,010-8072-9334,결제했는데 주문내역에 안 보여요. 정상 결제된 거 맞나요?...,반품,주문결제
RAW00288,2026-05-18 08:50,전예준,남,010-7776-8582,사이즈가 안 맞아서 한 치수 큰 걸로 교환하고 싶어요.,교환,교환
RAW00285,2026-05-26 11:56,고서진,남,010-4813-2210,  결제가  두 번 된 것 같은데 하나 취소해 주세요.,주문결제,주문결제
RAW00316,2026-05-02 19:01,오재현,남,010-2736-6034,아직 안 왔는데 그냥 안 받을래요. 취소해 주세염. ㅎㅎ,취소,취소
RAW00254,2026-05-04 16:55,한채원,여,010-5087-5424,안녕하세요. 사진이랑 실물 품질 차이가 너무 커서 반품 신청합니다. 빠른 답변 부탁드려요.,반품,반품
RAW00143,2026-05-19 15:20,이현석,남,010-8448-4595,  제품에  하자가 있어서 반품하려는데 회수는 언제 오나요? 확인 부탁드립니다.,반품,반품
RAW00043,2026-06-09 21:02,류채원,여,010-4078-1224,안녕하세요. 색상이 화면이랑 너무 달라서 반품할게요. 빠른 답변 부탁드려요.,주문결제,반품
RAW00352,2026-05-23 19:31,박예린,여,010-9177-9306,반품하고 환불받고 싶어요. 어떻게 하면 되나요?,반품,반품
RAW00009,2026-06-01 01:07,권은영,여,010-3331-8691,안녕하세요. 냄새가 너무 심해서 못 쓰겠어요. 반품 처리해 주세요. 빨리요,재입고,반품
RAW00341,2026-05-23 15:54,백재민,남,010-9007-7393,바꾸고 싶은 색이 품절인데 들어오면 교환되나여?,교환,교환
RAW00059,2026-05-31 02:30,한윤서,여,010-2734-2006,바꾸고 싶은 색이 품절인데 들어오면 교환되나여?,교환,교환
RAW00322,2026-05-09 07:13,윤규현,남,010-8542-1617,사이즈가 안 맞는데 그냥 돌려보내고 다시 살까요?,교환,교환
RAW00186,2026-06-10 07:36,배서현,여,010-6121-3784,  문의드립니다.  택은 안 뗐고 한 번도 안 입었어요. 반품 접수해 주세요. 확인 부탁드립니다.,반품,반품
RAW00327,2026-05-16 21:43,홍수아,여,010-3700-9725,안녕하세요. 반품 신청했는데 회수가 며칠째 안 와요. 다시 잡아주세염.,회원멤버십,반품
RAW00157,2026-05-07 14:27,조상우,남,010-1855-7836,  안녕하세요.  골드 등급 되려면 얼마나 더 사야 하나요? 감사합니다.,회원멤버십,회원멤버십
RAW00345,2026-05-18 23:59,송영수,남,010-7228-8919,주문 취소하고 돈 돌려받고 싶어요. 아직 안 보냈죠?,,취소
RAW00144,2026-05-26 04:34,조하윤,여,010-5465-5350,휴대폰 소액결제 한도가 초과됐다는데 다른 방법은 없나요? 감사함다.,상품정보,주문결제
RAW00190,2026-06-07 12:59,신윤아,여,010-8284-8356,문의드립니다. 세금계산서 발행되나여? 결제할 때 사업자 정보 넣는 데가 업어요.,주문결제,주문결제
RAW00117,2026-06-03 16:53,배민서,여,010-7627-5663,사이즈가 안 맞는데 그냥 돌려보내고 다시 살까요?,교환,교환
RAW00010,2026-05-28 17:30,안지훈,남,010-1329-4034,문의드립니다. 환볼 처리됐다고 문자 왔는데 통장에 아직 안 들어왔어요. 확인 부탁드립니다.,환불,환불
RAW00321,2026-06-03 22:29,조지영,여,010-9940-1311,결제가 두 번 된 것 같은데 하나 취소해 주세염.,주문결제,주문결제
RAW00049,2026-06-09 13:26,전지아,여,010-9830-1598,등급은 언제 갱신되나요? 매달 초인가요? 확인 부탁드립니다.,회원멤버십,회원멤버십
RAW00073,2026-05-02 05:23,장다은,여,010-8852-6331,안녕하세요. 두 계정을 하나로 통합할 수 있나요? 적립금도 합쳐지나요?,회원멤버십,회원멤버십
RAW00014,2026-05-29 15:06,백예은,여,010-9718-6609,  문의드립니다.  주문 취소 요청했는데 아직 처리중으로만 떠 있어요. 확인해 주세염. 확인 부탁드립니다.,취소,취소
RAW00038,2026-05-10 16:30,손예린,여,010-8213-5569,주문 취소하고 돈 돌려받고 싶어요. 아직 안 보냈죠?,취소,취소
RAW00193,2026-05-12 18:38,허병철,남,010-1926-4654,  버튼이  하나 빠져 있어서 새것으로 교한 요청드려요. 빠른 답변 부탁드려요.,교환,교환
RAW00348,2026-05-30 00:21,고주원,남,010-3967-1767,사진이랑 실물 품질 차이가 너무 커서 반품 신청합니다.,반품,반품
RAW00194,2026-05-17 15:00,강선우,남,010-5114-2007,  적립금으로  결제한 부분은 환불도 적립금으로 돌아오나요?,환불,환불
RAW00110,2026-06-03 22:56,양서현,여,010-6219-9944,결제 수단을 카드에서 계좌이체로 바꾸고 싶은데 가능한가요?,주문결제,주문결제
RAW00301,2026-06-08 20:21,배채은,여,010-2617-3125,두 개 샀는데 그중 하나만 반품하고 싶어요. 부분 반품 되나여? 빠른 답변 부탁드려요.,기타,반품
RAW00282,2026-05-26 01:03,최하윤,여,010-5030-7946,사이즈가 안 맞는데 그냥 돌려보내고 다시 살까요?,교환,교환
RAW00292,2026-05-25 20:55,한건우,남,010-4067-3315,  안녕하세요.  세금계산서 발행되나요? 결제할 때 사업자 정보 넣는 데가 업어요. 확인 부탁드립니다.,주문결제,주문결제
RAW00025,2026-05-13 16:36,신지훈,남,010-7464-7303,  수고  많으세요. 환불은 됐다는데 부분 금액만 들어와서 나머지가 궁금해요. ㅎㅎ,환불,환불
RAW00288,2026-05-18 08:50,전예준,남,010-7776-8582,사이즈가 안 맞아서 한 치수 큰 걸로 교환하고 싶어요.,교환,교환
RAW00071,2026-05-15 07:14,배기현,남,010-6367-4541,수고 많으세요. 주문 취소 요청했는데 아직 처리중으로만 떠 있어요. 확인해 주세염. 감사합니다.,취소,취소
RAW00055,2026-05-09 19:49,조철민,남,010-9702-1137,바꾸고 싶은 색이 품절인데 들어오면 교한되나요?,교환,교환
RAW00278,2026-06-06 02:29,윤가은,여,010-4671-7654,문의드립니다. 방송에 나온 그 상품 어디서 찾는지 검색이 안 돼요.,기타,기타
RAW00107,2026-05-19 15:51,윤민재,남,010-8155-6595,안녕하세요. 이 화장품 성분에 향료가 들어 있나요? 민감성 피부라서요. 빠른 답변 부탁드려요.,상품정보,상품정보
RAW00184,2026-05-26 09:07,박예준,남,010-7223-4653,안녕하세요. 배송 추적상 다른 동네로 가 있는 것 같은데 오배송 아닌가요? 확인 부탁드립니다.!!,배송문의,배송문의
RAW00120,2026-06-01 20:23,박은서,여,010-9349-8138,  환볼  처리됐다고 문자 왔는데 통장에 아직 안 들어왔어요. 감사합니다. ㅎㅎ,환불,환불
RAW00344,2026-05-27 09:21,홍정은,여,010-6779-9534,사이즈가 안 맞는데 그냥 돌려보내고 다시 살까요?...,교환,교환
RAW00058,2026-05-15 17:16,배지원,여,010-1621-6679,주문 취소하고 돈 돌려받고 싶어요. 아직 안 보냈죠?,취소,취소
RAW00325,2026-05-05 03:45,임민재,남,010-3302-1370,  휴면계정으로  전환됐다는데 다시 활성화하려면 어떻게 하나요? 감사합니다.,,회원멤버십
RAW00212,2026-05-24 21:40,남영수,남,010-1716-1522,기프트카드 잔액으로 일부 결제하고 나머지는 카드로 할 수 있나요?,주문결제,주문결제
RAW00066,2026-05-15 05:41,홍지윤,여,010-2530-3462,결제가 두 번 된 것 같은데 하나 취소해 주세요.,주문결제,주문결제
RAW00208,2026-05-10 09:45,서지영,여,010-7912-3196,회원정보에 주소를 여러 개 저장해둘 수 있나요? 감사합니다.,회원멤버십,회원멤버십
RAW00303,2026-05-11 10:29,백민서,여,010-6492-2838,아직 안 왔는데 그냥 안 받을래요. 취소해 주세요.,취소,취소
RAW00133,2026-05-19 16:12,전윤아,여,010-4296-7696,  이  옷 소재가 뭐예요? 비치는지도 알려주세요.,상품정보,상품정보
RAW00249,2026-05-31 07:21,남은서,여,010-4231-2355,  마음에  안 들어서 그냥 다른 걸로 하고 싶은데 어떻게 해요?,반품,반품
RAW00011,2026-05-07 13:34,임지혜,여,010-7065-8348,반품 다 됐는데 배송비가 차감돼서 환불됐네요. 왜 그런가요?,환불,환불
RAW00139,2026-05-30 02:01,문시은,여,010-5172-1846,물건 보냈는데 돈은 언제 들어오나요?,환불,환불
RAW00001,2026-05-29 01:00,서다현,여,010-4400-7218,  수고  많으세요. 두께가 어느 정도예요? 겨울에 입어도 따뜻할까요? 빠른 답변 부탁드려요. ㅠㅠ,상품정보,상품정보
RAW00160,2026-06-04 11:54,허민준,남,010-3125-2477,재입고됐다고 알림 받고 들어왔는데 벌써 또 품절이네요. 빠른 답변 부탁드려요.,재입고,재입고
RAW00280,2026-05-23 04:59,전지아,여,010-8597-3047,  배송  출발하면 문자로 알림 받을 수 있나요?,배송문의,배송문의
RAW00072,2026-05-19 05:19,황가은,여,010-7298-8314,수고 많으세요. 오늘 안에 출고되면 내일 도착하는 건가요? 감사함다.,배송문의,배송문의
RAW00259,2026-05-21 00:59,오민지,여,010-6092-3369,  아직  안 왔는데 그냥 안 받을래요. 취소해 주세염.!!,취소,취소
RAW00173,2026-05-27 07:20,이윤서,여,010-1950-2996,수고 많으세요. 세트 구성이 어떻게 되나요? 사진에 나온 거 다 포함인가요?!!,교환,상품정보
RAW00257,2026-05-06 17:55,최준우,남,010-8633-5782,로그인하면 자꾸 다른 사람 정보가 떠요. 계정이 섞인 것 같아요.,회원멤버십,회원멤버십
RAW00183,2026-05-03 00:10,문주원,남,010-7427-4829,결제할 때 입력한 배송메모가 사라졌는데 다시 등록되나요? 빨리요,주문결제,주문결제
RAW00073,2026-05-02 05:23,장다은,여,010-8852-6331,안녕하세요. 두 계정을 하나로 통합할 수 있나요? 적립금도 합쳐지나요?,회원멤버십,회원멤버십
RAW00081,2026-05-05 00:46,양지원,여,010-9730-5786,문의드립니다. 반품 말고 그냥 맞는 사이즈로 바꾸기만 하고 싶어요....,교환,교환
RAW00122,2026-05-22 22:59,박현우,남,010-9598-6285,  결제는  됐는데 재고가 없다고 다시 연락이 왔어요. 어떻게 되나여? 확인 부탁드립니다.,주문결제,주문결제
RAW00289,2026-05-27 21:22,오승재,남,010-3632-3119,결제 완료 메일을 못 받았는데 주문이 들어간 게 맞나요?,주문결제,주문결제
RAW00061,2026-06-08 23:25,최동현,남,010-8085-1560,  같은  상품 다른 색상으로 교한도 되나요?,교환,교환
RAW00237,2026-05-21 06:12,장준서,남,010-5126-1159,아직 상품 준비중이던데 지금 취소하면 바로 되나여? ㅎㅎ,취소,취소
RAW00083,2026-05-28 09:19,김승재,남,010-9864-3160,유통기한이 임박한 게 와서 반품하고 싶은데 가능할까요? 빨리요,반품,반품
RAW00088,2026-05-29 19:26,송수빈,여,010-7308-5274,배송이 너무 늦어서 그냥 취소할까 하는데 지금 어디예요?,배송문의,배송문의
RAW00076,2026-05-31 23:44,오예린,여,010-6754-9566,문의드립니다. 이 색상은 시즌 한정이라 재입고가 아예 안 되는 건가요? 빨리요,상품정보,재입고
RAW00196,2026-05-02 16:02,박서현,여,010-7935-7367,탈퇴했다가 다시 가입하면 예전 등급이 유지되나요? 빠른 답변 부탁드려요....,회원멤버십,회원멤버십
RAW00098,2026-05-30 01:01,홍채은,여,010-8736-7545,사이즈가 안 맞는데 그냥 돌려보내고 다시 살까요? ㅎㅎ,교환,교환
RAW00222,2026-05-10 21:55,이재현,남,010-1560-7101,마음에 안 들어서 그냥 다른 걸로 하고 싶은데 어떻게 해요?,반품,반품
RAW00116,2026-05-18 02:10,허승현,남,010-9933-6124,  박스  그대로 있어요. 반품하면 회수 택배가 오나요?,주문결제,반품
RAW00085,2026-05-23 14:42,오승재,남,010-7613-2330,결제한 거 무르고 싶어요. 돈 언제 돌아와요?,취소,환불
RAW00163,2026-06-01 23:20,백주원,남,010-8092-3857,  결제한  거 무르고 싶어요. 돈 언제 돌아와요?...,환불,환불
RAW00302,2026-06-05 23:26,윤시은,여,010-9433-4704,지금 출고됐나요? 빠른배송으로 받아볼 수 있는지 궁금해요....,배송문의,배송문의
RAW00269,2026-05-11 00:37,최경수,남,010-2581-5038,안녕하세요. 휴대폰 번호가 바뀌었는데 회원정보 어디서 수정하나요? 빠른 답변 부탁드려요.,재입고,회원멤버십
RAW00246,2026-05-30 23:42,박현석,남,010-5405-2349,사이즈가 안 맞는데 그냥 돌려보내고 다시 살까요?,교환,교환
RAW00141,2026-06-01 14:12,남준우,남,010-8258-7783,  반품하고  환불받고 싶어요. 어떻게 하면 되나요? ㅎㅎ,반품,반품
RAW00232,2026-05-11 14:46,허다은,여,010-1437-3021,  수고  많으세요. 가지고 있는 쿠폰이 결제창에서 적용이 안 돼요. 왜 그럴까요? 감사합니다.,주문결제,주문결제
RAW00064,2026-05-28 23:13,권지윤,여,010-2890-5813,회원정보에 주소를 여러 개 저장해둘 수 있나요?,회원멤버십,회원멤버십
RAW00281,2026-05-24 17:27,류지혜,여,010-7224-4187,  문의드립니다.  선물포장 서비스 되나여? 메시지 카드도 넣을 수 있어요?,,기타
RAW00219,2026-05-29 01:45,서용준,남,010-7496-2007,  문의드립니다.  구매한 상품으로 콘텐츠 만들어도 저작권 문제 없나요? 감사합니다.,기타,기타
RAW00251,2026-05-17 00:12,이수빈,여,010-7175-1007,리뷰 적립금은 언제 들어오나요? 어제 썼는데 아직이에요.,회원멤버십,회원멤버십
RAW00255,2026-06-05 21:34,오승재,남,010-4040-2568,주문 취소하고 돈 돌려받고 싶어요. 아직 안 보냈죠?,취소,취소
RAW00079,2026-05-12 03:38,윤규현,남,010-4010-7189,이번 달에 등급이 올랐는데 추가 할인 혜택은 어떻게 적용돼요? 확인 부탁드립니다.,회원멤버십,회원멤버십
RAW00022,2026-05-24 16:11,안윤아,여,010-2458-9062,  적립금  유효기간이 얼마예요? 곧 소멸되는 게 있나요? 감사합니다....,회원멤버십,회원멤버십
RAW00162,2026-05-09 03:04,서민서,여,010-4981-5552,안녕하세요. 프린트가 비뚤게 인쇄돼서 멀쩡한 걸로 교환해 주세염. 확인 부탁드립니다. ㅎㅎ,교환,교환
RAW00236,2026-05-16 18:14,최철민,남,010-1710-6597,안녕하세요. 회사 단체주문인데 한 건 잘못 들어가서 그 건만 취소 부탁드려요.,취소,취소
RAW00185,2026-06-09 11:00,류광수,남,010-2066-5551,현금영수증 발급된 건인데 환불하면 그것도 취소되나요? 빠른 답변 부탁드려요.,환불,환불
RAW00125,2026-05-16 08:17,장지우,여,010-9890-9752,쿠폰 잘못 써서 취소하고 다시 제대로 적용해서 주문할게요. 확인 부탁드립니다....,취소,취소
RAW00228,2026-05-28 04:00,고지영,여,010-4394-3536,발송 준비중이라고 떠도 지금 바로 취소 막아주실 수 있나요? ㅠㅠ,취소,취소
RAW00106,2026-05-19 19:50,고수빈,여,010-9254-2730,수고 많으세요. 공동현관 비밀번호를 배송메모에 적었는데 기사님께 전달되나여? ㅎㅎ,배송문의,배송문의
RAW00152,2026-05-10 02:32,허서준,남,010-8586-3642,세금계산서 발행되나요? 결제할 때 사업자 정보 넣는 데가 업어요.,배송문의,주문결제
RAW00127,2026-05-05 19:48,양은영,여,010-5500-9056,반품하고 환볼받고 싶어요. 어떻게 하면 되나요?,반품,반품
RAW00332,2026-05-05 08:55,전준우,남,010-8214-9033,한 번에 다 품절돼서 그러는데 보통 얼마 만에 다시 채워지나요? 감사함다.,기타,재입고
RAW00248,2026-05-02 18:48,양은영,여,010-4967-9845,생일 쿠폰 발급된다고 했는데 아직 안 들어왔어요. 확인 부탁드립니다.,회원멤버십,회원멤버십
RAW00295,2026-05-24 22:35,최우진,남,010-2259-9007,문의드립니다. 받은 상품에 흠집이 있어서 새 제품으로 바꿔주셨으면 해요. 빠른 답변 부탁드려요.,,교환
RAW00221,2026-06-01 02:31,오승재,남,010-7464-8806,사이즈가 안 맞는데 그냥 돌려보내고 다시 살까요?,교환,교환
RAW00210,2026-05-10 20:30,고정은,여,010-3022-7456,키 170인데 이 바지 기장이 어느 정도 올까요? ㅎㅎ,상품정보,상품정보
RAW00032,2026-05-10 22:10,백하늘,여,010-4233-7755,수고 많으세요. 고객센터 운영 시간이 어떻게 되나요? 주말에도 상담되나요?,기타,기타
RAW00053,2026-05-04 15:07,전정우,남,010-1043-6115,예전에 팔던 모델인데 재입고 가능성이 있을까요?,배송문의,재입고
RAW00177,2026-05-02 15:47,장예린,여,010-4559-8515,물건 보냈는데 돈은 언제 들어오나요?!!,환불,환불
RAW00349,2026-05-07 06:19,강유진,여,010-8250-8028,색상이 화면이랑 너무 달라서 반품할게요. 확인 부탁드립니다.,반품,반품
RAW00062,2026-05-21 04:59,유지유,여,010-2522-3439,  엘리베이터  공사 중이라 1층에 두고 가시라고 메모 남길 수 있나요? 빠른 답변 부탁드려요.,회원멤버십,배송문의
RAW00333,2026-06-02 07:59,손경수,남,010-8416-4108,수량을 잘못 주문해서 통째로 취소하고 정정 주문하고 싶어요. 확인 부탁드립니다.,,취소
RAW00269,2026-05-11 00:37,최경수,남,010-2581-5038,안녕하세요. 휴대폰 번호가 바뀌었는데 회원정보 어디서 수정하나요? 빠른 답변 부탁드려요.,재입고,회원멤버십
RAW00174,2026-06-03 02:12,임소율,여,010-1684-3786,주문 취소하고 돈 돌려받고 싶어요. 아직 안 보냈죠?,취소,취소
RAW00142,2026-05-01 09:51,배지원,여,010-7236-1476,주문 취소하고 돈 돌려받고 싶어요. 아직 안 보냈죠? ㅠㅠ,취소,취소
RAW00114,2026-05-08 12:07,임지우,여,010-6692-7922,옵션을 잘못 선택해서 다른 사이즈로 바꿔주실 수 있나요? 감사합니다.,교환,교환
RAW00128,2026-06-04 22:08,손윤서,여,010-9917-1660,결제하다가 오류 나서 두 번 눌렀는데 두 번 결제된 것 같아요. 확인 부탁드립니다. ㅠㅠ,주문결제,주문결제
RAW00357,2026-05-13 20:38,오승재,남,010-7759-8675,수고 많으세요. 배송 중에 파손돼서 왔어요. 동일 상품으로 교환해 주세요. 확인 부탁드립니다. 빨리요,교환,교환
RAW00108,2026-05-02 07:44,오지유,여,010-9286-3329,  반품하고  환볼받고 싶어요. 어떻게 하면 되나요?,환불,반품
RAW00037,2026-05-15 14:51,배정은,여,010-1236-7786,안녕하세요. 할부로 결제하고 싶은데 몇 개월까지 무이자 되나요? 확인 부탁드립니다.,주문결제,주문결제
RAW00350,2026-05-16 04:48,정승재,남,010-7857-9947,수고 많으세요. 받은 지 일주일 됐는데 아직 반품 신청 기간 안 지났죠? 감사합니다. ㅎㅎ,반품,반품
RAW00293,2026-05-17 16:49,황지윤,여,010-5813-9497,안녕하세요. 수량을 잘못 주문해서 통째로 취소하고 정정 주문하고 싶어요. 빨리요,주문결제,취소
RAW00334,2026-05-01 20:12,신기현,남,010-6773-2664,  주문  취소하고 돈 돌려받고 싶어요. 아직 안 보냈죠?,환불,취소
RAW00215,2026-05-04 13:46,양하늘,여,010-5718-8850,문의드립니다. 옵션을 잘못 선택해서 다른 사이즈로 바꿔주실 수 있나요? 감사함다.,,교환
RAW00215,2026-05-04 13:46,양하늘,여,010-5718-8850,문의드립니다. 옵션을 잘못 선택해서 다른 사이즈로 바꿔주실 수 있나요? 감사함다.,,교환
RAW00297,2026-06-04 08:13,서소연,여,010-1027-7414,안녕하세요. 옵션을 잘못 선택해서 다른 사이즈로 바꿔주실 수 있나요?,교환,교환
RAW00264,2026-05-13 11:09,장민지,여,010-2254-4217,  주문  취소하고 돈 돌려받고 싶어요. 아직 안 보냈죠?,,취소
RAW00118,2026-05-27 10:10,고예린,여,010-8194-5306,문의드립니다. 회원 등급별 혜택을 한눈에 볼 수 있는 페이지가 있나요? ㅠㅠ,,회원멤버십
RAW00145,2026-06-08 12:13,장경수,남,010-9314-4409,할부로 결제하고 싶은데 몇 개월까지 무이자 되나요? 확인 부탁드립니다. 빨리요,주문결제,주문결제
RAW00119,2026-05-31 20:37,오승재,남,010-8773-3575,본인인증이 자꾸 실패하는데 다른 방법으로 인증할 수 있나요? 확인 부탁드립니다.,회원멤버십,회원멤버십
RAW00314,2026-05-14 16:38,신예진,여,010-1676-8384,주문 넣은 거 취소할게요. 다른 상품으로 새로 주문하려고요. 빠른 답변 부탁드려요.,취소,취소
RAW00343,2026-06-03 10:56,오지아,여,010-2609-2969,  문의드립니다.  기부 캠페인 참여하려면 어떻게 하면 되나요?!!,기타,기타
RAW00095,2026-05-08 18:27,전하은,여,010-9141-7309,분명 어제 발송됐다는데 송장 추적이 아직도 집화처리에 멈춰 있어요.,배송문의,배송문의
RAW00213,2026-05-04 19:43,송승호,남,010-6080-5799,문의드립니다. 세트 구성이 어떻게 되나요? 사진에 나온 거 다 포함인가요? 감사함다.,기타,상품정보
RAW00336,2026-05-30 12:18,최경수,남,010-2407-3814,반품하고 환볼받고 싶어요. 어떻게 하면 되나요?...,반품,반품
RAW00024,2026-06-02 23:49,안선우,남,010-9413-2400,  문의드립니다.  특정 옵션만 빠르게 다시 들어오는 편인지 궁금해요.,,재입고
RAW00199,2026-05-07 00:47,조지유,여,010-5032-2683,이 화장품 성분에 향료가 들어 있나요? 민감성 피부라서요.,상품정보,상품정보
RAW00165,2026-05-09 20:56,조기현,남,010-1943-1001,배송이 너무 늦어서 그냥 취소할까 하는데 지금 어디예요? ㅠㅠ,배송문의,배송문의
RAW00329,2026-05-14 14:53,문소율,여,010-7071-5112,법인카드로 결제하면 지출증빙용 영수증도 따로 받을 수 있나요? 감사합니다....,기타,주문결제
RAW00069,2026-06-10 08:34,오광수,남,010-5595-3123,회원 탈퇴하면 적립금은 어떻게 되나요?,,회원멤버십
RAW00355,2026-05-28 10:28,백정은,여,010-2595-3162,  아직  안 왔는데 그냥 안 받을래요. 취소해 주세염.!!,,취소
RAW00317,2026-05-18 17:26,전영수,남,010-7456-8171,  수고  많으세요. 주문번호로 실시간 배송 위치 확인할 수 있는 링크 있을까요?,배송문의,배송문의
RAW00021,2026-05-12 04:56,한선우,남,010-6852-2464,안녕하세요. 생일 쿠폰 발급된다고 했는데 아직 안 들어왔어요.,주문결제,회원멤버십
RAW00075,2026-06-09 08:15,송소연,여,010-9861-9598,문의드립니다. 사이즈가 안 맞아서 한 치수 큰 걸로 교환하고 싶어요. 빠른 답변 부탁드려요.,교환,교환
RAW00086,2026-05-03 05:33,배건우,남,010-4419-2481,불량이라 같은 걸로 교환 원해요. 교환 배송비는 안 드는 거죠? 확인 부탁드립니다.,교환,교환
RAW00033,2026-05-06 04:46,문예진,여,010-1505-9748,문의드립니다. 반품 말고 그냥 맞는 사이즈로 바꾸기만 하고 싶어요. 빠른 답변 부탁드려요. ㅎㅎ,교환,교환
RAW00296,2026-05-15 22:42,오예린,여,010-7384-2661,배송이 너무 늦어서 그냥 취소할까 하는데 지금 어디예요?!!,배송문의,배송문의
RAW00229,2026-06-07 08:01,장시은,여,010-9235-5493,안녕하세요. 인플루언서 협찬 문의는 어느 부서로 해야 하나요? 감사함다. 빨리요,상품정보,기타
RAW00239,2026-05-21 07:16,손수진,여,010-8679-7348,카드 취소하면 환볼까지 며칠 정도 걸려요?,상품정보,환불
RAW00225,2026-05-15 18:14,신준우,남,010-3578-3534,  안녕하세요.  두 계정을 하나로 통합할 수 있나요? 적립금도 합쳐지나요? 감사합니다....,회원멤버십,회원멤버십
RAW00340,2026-06-04 06:56,오승민,남,010-4304-3960,안녕하세요. 전압이 220V 맞나요? 해외에서도 쓸 수 있는지 궁금해요.!!,상품정보,상품정보
RAW00339,2026-05-02 22:41,정성훈,남,010-5005-5798,문의드립니다. 선주문이나 예약으로 미리 잡아둘 수 있는 방법은 없나요? 확인 부탁드립니다. ㅎㅎ,재입고,재입고
RAW00209,2026-05-23 05:06,권민지,여,010-3771-4472,바꾸고 싶은 색이 품절인데 들어오면 교환되나요?,,교환
RAW00360,2026-05-11 06:39,허하늘,여,010-8862-4075,수고 많으세요. 한 번에 다 품절돼서 그러는데 보통 얼마 만에 다시 채워지나요? 감사합니다.,배송문의,재입고
RAW00276,2026-05-01 16:31,유현주,여,010-3448-7122,아이디가 기억이 안 나는데 찾을 수 있을까요? 확인 부탁드립니다....,회원멤버십,회원멤버십
RAW00169,2026-06-01 16:43,박지혜,여,010-4167-7468,  수고  많으세요. 아직 상품 준비중이던데 지금 취소하면 바로 되나여? 빠른 답변 부탁드려요.,취소,취소
RAW00178,2026-05-14 09:45,권은정,여,010-4855-4550,  결제한  거 무르고 싶어요. 돈 언제 돌아와요? ㅎㅎ,환불,환불
RAW00090,2026-06-03 03:21,신현석,남,010-7330-1082,  반품  다 됐는데 배송비가 차감돼서 환불됐네요. 왜 그런가요? 빨리요,환불,환불
RAW00158,2026-06-09 17:47,남재현,남,010-3537-6349,안녕하세요. 인플루언서 협찬 문의는 어느 부서로 해야 하나요? 감사함다.,상품정보,기타
RAW00134,2026-05-04 18:54,송준서,남,010-1088-2146,수고 많으세요. 품절 임박이라고 떠 있는데 추가 입고 예정 있나요? 빨리요,재입고,재입고
RAW00186,2026-06-10 07:36,배서현,여,010-6121-3784,  문의드립니다.  택은 안 뗐고 한 번도 안 입었어요. 반품 접수해 주세요. 확인 부탁드립니다.,반품,반품
RAW00150,2026-06-01 15:32,신기현,남,010-4411-7725,문의드립니다. 한 번에 다 품절돼서 그러는데 보통 얼마 만에 다시 채워지나요? 확인 부탁드립니다.,재입고,재입고
RAW00028,2026-05-22 20:21,백지아,여,010-6606-1094,안녕하세요. 협업이나 입점 문의는 어디로 연락드리면 되나요? 빨리요,기타,기타
RAW00220,2026-05-13 02:25,정용준,남,010-1522-4796,수고 많으세요. 장바구니에 잘못 담긴 게 결제돼서 바로 취소하려고요. 빠른 답변 부탁드려요.,취소,취소
RAW00252,2026-05-18 18:31,정소연,여,010-1957-3738,  앱  알림 설정을 끄고 싶은데 메뉴를 못 찾겠어요.,기타,기타
RAW00051,2026-05-06 02:22,오승재,남,010-2884-2666,반품 신청했는데 회수가 며칠째 안 와요. 다시 잡아주세요. 확인 부탁드립니다. ㅠㅠ,기타,반품
RAW00286,2026-05-15 10:03,백승현,남,010-9227-5929,이 옷 소재가 뭐예요? 비치는지도 알려주세요. 감사합니다. ㅠㅠ,상품정보,상품정보
RAW00074,2026-06-07 18:32,안재현,남,010-2593-7133,안녕하세요. 재입고되면 가격이 오르나요? 지금이랑 같은 가격일까요? 감사합니다. 빨리요,재입고,재입고
RAW00081,2026-05-05 00:46,양지원,여,010-9730-5786,문의드립니다. 반품 말고 그냥 맞는 사이즈로 바꾸기만 하고 싶어요....,교환,교환
RAW00214,2026-05-05 07:14,류정은,여,010-1959-6040,색상이 모니터마다 다르게 보이던데 실제 톤이 어떤가요?,상품정보,상품정보
RAW00272,2026-05-06 13:15,오승민,남,010-3963-7140,결제한 거 무르고 싶어요. 돈 언제 돌아와요?,취소,환불
RAW00137,2026-05-26 11:13,신상우,남,010-2977-1375,물건 보냈는데 돈은 언제 들어오나요?,반품,환불
RAW00226,2026-06-09 09:20,송민서,여,010-7885-4823,색상이 화면이랑 너무 달라서 반품할게요.,상품정보,반품
RAW00223,2026-05-30 13:36,최채은,여,010-5275-3504,안녕하세요. 필터는 어디서 따로 구매하나요? 교체 주기는 얼마예요? 빠른 답변 부탁드려요.,,상품정보
RAW00292,2026-05-25 20:55,한건우,남,010-4067-3315,  안녕하세요.  세금계산서 발행되나요? 결제할 때 사업자 정보 넣는 데가 업어요. 확인 부탁드립니다.,주문결제,주문결제
RAW00168,2026-06-03 01:44,고지혜,여,010-1604-4143,고객센터 운영 시간이 어떻게 되나요? 주말에도 상담되나요? 빠른 답변 부탁드려요. 빨리요,기타,기타
RAW00359,2026-06-03 03:27,전승민,남,010-4004-3955,아직 안 왔는데 그냥 안 받을래요. 취소해 주세염.,취소,취소
RAW00320,2026-06-07 16:11,장수빈,여,010-8147-3104,이 색상은 시즌 한정이라 재입고가 아예 안 되는 건가요? 빠른 답변 부탁드려요.,재입고,재입고
RAW00342,2026-05-19 22:06,배민서,여,010-1486-1858,다음 입고 물량은 언제쯤 풀리는지 대략이라도 알 수 있을까요? 빨리요,재입고,재입고
RAW00013,2026-05-27 14:56,남미영,여,010-1020-7060,  불량이라  같은 걸로 교환 원해요. 교환 배송비는 안 드는 거죠? 확인 부탁드립니다.,교환,교환
RAW00298,2026-05-06 01:47,강정은,여,010-6408-4850,아직 안 왔는데 그냥 안 받을래요. 취소해 주세요.,취소,취소
RAW00019,2026-05-01 23:23,홍윤서,여,010-6168-9291,결제하자마자 마음이 바뀌었어요. 주문 취소되나여? 확인 부탁드립니다.,,취소
RAW00131,2026-05-26 22:26,남재현,남,010-6948-3886,결제가 두 번 된 것 같은데 하나 취소해 주세염.,주문결제,주문결제
RAW00154,2026-06-06 22:36,배은서,여,010-6653-1842,결제가 두 번 된 것 같은데 하나 취소해 주세염. ㅠㅠ,주문결제,주문결제
RAW00163,2026-06-01 23:20,백주원,남,010-8092-3857,  결제한  거 무르고 싶어요. 돈 언제 돌아와요?...,환불,환불
RAW00181,2026-05-09 13:20,양서현,여,010-5627-4184,"취소한 주문 환불이 자동으로 되는 건가요, 따로 신청해야 하나요? 감사함다.",환불,환불
RAW00101,2026-05-18 14:52,고지혜,여,010-1692-6968,오프라인 매장도 있나요? 직접 보고 사고 싶어서요.,기타,기타
RAW00046,2026-05-26 19:47,류연우,남,010-1609-6737,문의드립니다. 분명 어제 발송됐다는데 송장 추적이 아직도 집화처리에 멈춰 있어요. 빠른 답변 부탁드려요.,배송문의,배송문의
RAW00243,2026-05-21 14:52,신지호,남,010-5755-4667,문의드립니다. 실수로 두 번 주문했어요. 하나만 주문 취소해 주세염....,취소,취소
RAW00138,2026-06-01 10:18,조은영,여,010-8566-5751,문의드립니다. 선물포장 서비스 되나요? 메시지 카드도 넣을 수 있어요?,기타,기타
RAW00261,2026-05-19 22:06,한예은,여,010-1630-1439,문의드립니다. 구성품에 어댑터도 포함인가요? 단품인지 세트인지 궁금해요. 확인 부탁드립니다.,상품정보,상품정보
RAW00179,2026-05-02 20:23,정다은,여,010-8707-3595,프린트가 비뚤게 인쇄돼서 멀쩡한 걸로 교한해 주세요. 빠른 답변 부탁드려요.,배송문의,교환
RAW00275,2026-05-07 23:49,신예은,여,010-3439-7038,안녕하세요. 환불 영수증이나 증빙을 받을 수 있을까요? 회사 제출용이에요. 감사합니다.,환불,환불
RAW00003,2026-05-27 06:13,장도현,남,010-1739-4591,  문의드립니다.  사은품 행사 언제까지 하나요? 조건이 어떻게 되나요? 빨리요,회원멤버십,기타
RAW00105,2026-05-27 01:12,이성민,남,010-6767-1604,아직 안 왔는데 그냥 안 받을래요. 취소해 주세요.,취소,취소
RAW00195,2026-05-29 10:12,신광수,남,010-2968-5078,이 운동화 쿠션감이 좋은 편인가요? 오래 걸어도 편한지요. 감사합니다.,상품정보,상품정보
RAW00008,2026-05-04 12:50,정혜진,여,010-8060-9812,문의드립니다. 결제할 때 입력한 배송메모가 사라졌는데 다시 등록되나여? 확인 부탁드립니다.,주문결제,주문결제
RAW00121,2026-05-20 06:07,류주원,남,010-5226-2610,결제가 두 번 된 것 같은데 하나 취소해 주세염....,주문결제,주문결제
RAW00198,2026-05-27 19:16,배윤아,여,010-1737-5040,법인카드로 결제하면 지출증빙용 영수증도 따로 받을 수 있나요?,주문결제,주문결제
RAW00100,2026-05-11 10:05,오하은,여,010-7242-5070,  결제가  두 번 된 것 같은데 하나 취소해 주세요.,주문결제,주문결제
RAW00020,2026-05-15 00:07,손지유,여,010-8666-4684,수고 많으세요. 방송에 나온 그 상품 어디서 찾는지 검색이 안 돼요.,기타,기타
RAW00155,2026-05-09 04:26,이소연,여,010-8033-3905,사이즈가 안 맞는데 그냥 돌려보내고 다시 살까요? ㅠㅠ,교환,교환
RAW00015,2026-06-01 05:33,임지윤,여,010-1724-6580,두 개 샀는데 그중 하나만 반품하고 싶어요. 부분 반품 되나여? 빠른 답변 부탁드려요.,반품,반품
RAW00003,2026-05-27 06:13,장도현,남,010-1739-4591,  문의드립니다.  사은품 행사 언제까지 하나요? 조건이 어떻게 되나요? 빨리요,회원멤버십,기타
RAW00180,2026-05-11 14:40,유승현,남,010-2129-4971,  사이즈를  잘못 골라서 일단 취소하고 다시 주문할게요. 확인 부탁드립니다. 빨리요,,취소
RAW00216,2026-05-25 06:29,강건우,남,010-5373-2257,문의드립니다. 두께가 어느 정도예요? 겨울에 입어도 따뜻할까요? 감사합니다.,상품정보,상품정보
RAW00135,2026-05-17 10:32,오지우,여,010-5261-9209,주문한 것과 다른 상품이 와서 반품 신청하고 싶어요. 감사함다....,반품,반품
RAW00004,2026-06-05 02:09,양은정,여,010-2721-3714,수고 많으세요. 적립금이랑 쿠폰을 같이 쓰려는데 중복 사용이 안 되나요?,주문결제,주문결제
RAW00348,2026-05-30 00:21,고주원,남,010-3967-1767,사진이랑 실물 품질 차이가 너무 커서 반품 신청합니다.,반품,반품
RAW00052,2026-05-16 19:08,황예은,여,010-5328-6367,  안녕하세요.  결제할 때 입력한 배송메모가 사라졌는데 다시 등록되나여? 확인 부탁드립니다.,주문결제,주문결제
RAW00089,2026-05-25 23:29,강준서,남,010-6736-5362,안녕하세요. 재입고 알림 여러 상품 걸어놨는데 한꺼번에 관리할 수 있나요? 감사합니다.,재입고,재입고
RAW00035,2026-05-07 07:40,이준서,남,010-7811-7774,  문의드립니다.  카드 취소하면 환불까지 며칠 정도 걸려요?,환불,환불
RAW00188,2026-05-23 04:27,문하늘,여,010-2656-6794,"같은 가격대 다른 모델로도 교한이 되나여, 아니면 동일상품만 되나여? 감사합니다. ㅎㅎ",교환,교환
RAW00183,2026-05-03 00:10,문주원,남,010-7427-4829,결제할 때 입력한 배송메모가 사라졌는데 다시 등록되나요? 빨리요,주문결제,주문결제
RAW00299,2026-05-05 09:45,권가은,여,010-1485-6721,  물건  보냈는데 돈은 언제 들어오나요?,환불,환불
RAW00346,2026-05-07 11:40,송지유,여,010-5851-5472,안녕하세요. 장바구니에 잘못 담긴 게 결제돼서 바로 취소하려고요.,취소,취소
RAW00159,2026-06-04 12:38,양규현,남,010-8554-4819,구매한 상품으로 콘텐츠 만들어도 저작권 문제 없나요?,기타,기타
RAW00260,2026-06-03 03:22,고수빈,여,010-7277-9441,회사로 배송지 바꾸고 싶은데 이미 상품 준비중이면 안 되나여? ㅎㅎ,배송문의,배송문의
RAW00094,2026-05-17 15:43,장서준,남,010-7345-2930,수고 많으세요. 상품 관련 제휴 제안을 드리고 싶은데 메일 주소 알 수 있을까요?,,기타
RAW00146,2026-06-02 19:20,정미영,여,010-6769-5027,  문의드립니다.  리뷰 이벤트 당첨자 발표는 언제 어디서 확인하나요? 확인 부탁드립니다. ㅠㅠ,재입고,기타
RAW00047,2026-05-26 13:38,서상우,남,010-6053-6770,물건 보냈는데 돈은 언제 들어오나요?,환불,환불
RAW00201,2026-06-08 05:28,박태현,남,010-7621-1076,수고 많으세요. 간편결제로 했는데 승인 문자만 오고 주문은 안 들어갔어요. 감사함다....,주문결제,주문결제
RAW00123,2026-05-07 02:04,신은서,여,010-5584-7675,마음에 안 들어서 그냥 다른 걸로 하고 싶은데 어떻게 해요?,반품,반품
RAW00029,2026-05-22 09:20,허준서,남,010-8600-6275,물건 보냈는데 돈은 언제 들어오나요?,환불,환불
RAW00250,2026-05-03 20:07,손민준,남,010-3567-1049,안녕하세요. 상품 관련 제휴 제안을 드리고 싶은데 메일 주소 알 수 있을까요? 빠른 답변 부탁드려요.,기타,기타
RAW00054,2026-06-03 00:14,안다현,여,010-8208-5095,첫 구매 할인 코드를 넣었는데 적용이 안 되네요. 만료된 건가요? 확인 부탁드립니다.,,주문결제
RAW00234,2026-05-20 06:37,문하늘,여,010-1732-1893,  수고  많으세요. 이 운동화 쿠션감이 좋은 편인가요? 오래 걸어도 편한지요. 빠른 답변 부탁드려요.,상품정보,상품정보
RAW00262,2026-06-08 00:08,이성훈,남,010-1316-9970,카드사 사정으로 환볼이 늦어진다는데 보통 며칠 더 걸리나요? 감사함다. ㅎㅎ,환불,환불
RAW00300,2026-06-08 06:17,홍보람,여,010-9653-6772,배송 중에 파손돼서 왔어염. 동일 상품으로 교환해 주세요. 빠른 답변 부탁드려요.,재입고,교환
RAW00060,2026-05-20 15:25,손은영,여,010-1583-7112,배송이 너무 늦어서 그냥 취소할까 하는데 지금 어디예요?,배송문의,배송문의
RAW00354,2026-05-24 14:06,손종현,남,010-9888-7059,  반품하고  환불받고 싶어요. 어떻게 하면 되나요?,,반품
RAW00187,2026-05-17 17:41,오승재,남,010-9322-8908,바꾸고 싶은 색이 품절인데 들어오면 교환되나요?,교환,교환
RAW00161,2026-05-14 00:51,유수진,여,010-5686-1530,  수고  많으세요. 출고 전이라고 안내받았는데 취소 접수 좀 서둘러 주세요. 빠른 답변 부탁드려요.,취소,취소
RAW00294,2026-05-02 11:18,권은영,여,010-2287-9059,문의드립니다. 결제 수단을 카드에서 계좌이체로 바꾸고 싶은데 가능한가요?,,주문결제
RAW00207,2026-05-17 16:30,한용준,남,010-4322-6229,수고 많으세요. 구매한 상품으로 콘텐츠 만들어도 저작권 문제 없나요? 감사함다.,기타,기타
RAW00333,2026-06-02 07:59,손경수,남,010-8416-4108,수량을 잘못 주문해서 통째로 취소하고 정정 주문하고 싶어요. 확인 부탁드립니다.,,취소
RAW00290,2026-05-04 01:13,서소율,여,010-7542-9246,  수고  많으세요. 상품이 마음에 안 들 것 같아서 받기 전에 미리 취소할게요.,취소,취소
RAW00099,2026-06-02 08:01,유현우,남,010-6017-5092,결제 취소하고 싶은데 어디서 하면 되나요?,상품정보,취소
RAW00050,2026-06-01 22:10,안우진,남,010-9434-5351,지금 취소 누르면 적립금이랑 쿠폰은 다시 복구되나여? 빠른 답변 부탁드려요.,취소,취소
RAW00031,2026-06-02 17:49,송지아,여,010-3794-4256,회사 단체주문인데 한 건 잘못 들어가서 그 건만 취소 부탁드려요. 감사합니다.,취소,취소
RAW00305,2026-05-13 21:57,장승호,남,010-9348-7328,수고 많으세요. 친구 추천 코드는 어디에 입력하고 혜택은 뭔가요?,재입고,회원멤버십
RAW00056,2026-05-08 21:42,신승호,남,010-1366-4800,환불 영수증이나 증빙을 받을 수 있을까요? 회사 제출용이에요.,상품정보,환불
RAW00175,2026-05-27 19:54,홍도윤,남,010-2051-6966,  결제한  거 무르고 싶어요. 돈 언제 돌아와요?,,환불
RAW00156,2026-05-01 12:33,안민지,여,010-8719-9205,오늘 안에 출고되면 내일 도착하는 건가요?,배송문의,배송문의
RAW00273,2026-06-08 03:18,남규현,남,010-6222-5116,  주문  취소하고 돈 돌려받고 싶어요. 아직 안 보냈죠? 빨리요,,취소
RAW00192,2026-05-05 02:15,안수아,여,010-9537-6117,마음에 안 들어서 그냥 다른 걸로 하고 싶은데 어떻게 해요?,교환,반품
RAW00278,2026-06-06 02:29,윤가은,여,010-4671-7654,문의드립니다. 방송에 나온 그 상품 어디서 찾는지 검색이 안 돼요.,기타,기타
RAW00036,2026-06-06 09:12,조승호,남,010-4736-5961,물건 보냈는데 돈은 언제 들어오나요? ㅠㅠ,환불,환불
RAW00230,2026-06-09 10:29,허건우,남,010-6395-9944,  택배사  어디로 오나요? 부재중이라 경비실에 맡겨주실 수 있나요? ㅠㅠ,배송문의,배송문의
RAW00218,2026-05-10 05:00,홍예은,여,010-6700-6696,프린트가 비뚤게 인쇄돼서 멀쩡한 걸로 교환해 주세염. 확인 부탁드립니다.,교환,교환
RAW00018,2026-05-15 11:12,김민준,남,010-2149-3177,수고 많으세요. 주문한 색이랑 다른 색이 왔어염. 제대로 된 걸로 바꿔주세요. 빠른 답변 부탁드려요....,교환,교환
RAW00328,2026-05-29 04:36,백재민,남,010-3979-4249,  환볼받을  계좌 예금주가 주문자와 달라도 되나여?,환불,환불
RAW00040,2026-05-18 08:46,허미영,여,010-7678-9969,  안녕하세요.  기부 캠페인 참여하려면 어떻게 하면 되나요? 빠른 답변 부탁드려요.,기타,기타
RAW00126,2026-05-14 02:53,김연우,남,010-7662-1157,이 제품 KC 인증 받은 정품 맞나요?,상품정보,상품정보
RAW00251,2026-05-17 00:12,이수빈,여,010-7175-1007,리뷰 적립금은 언제 들어오나요? 어제 썼는데 아직이에요.,회원멤버십,회원멤버십
RAW00164,2026-05-20 12:10,전우진,남,010-5489-2127,반품하고 환볼받고 싶어요. 어떻게 하면 되나여?...,반품,반품
RAW00111,2026-05-27 11:55,박태현,남,010-5890-5244,수고 많으세요. 이 옷 소재가 뭐예요? 비치는지도 알려주세요.,상품정보,상품정보
RAW00282,2026-05-26 01:03,최하윤,여,010-5030-7946,사이즈가 안 맞는데 그냥 돌려보내고 다시 살까요?,교환,교환
RAW00087,2026-05-02 00:49,김하준,남,010-3706-7495,  본인인증이  자꾸 실패하는데 다른 방법으로 인증할 수 있나요? 확인 부탁드립니다. ㅠㅠ,회원멤버십,회원멤버십
RAW00271,2026-05-27 18:17,김예린,여,010-6026-2347,  결제한  거 무르고 싶어요. 돈 언제 돌아와요?!!,,환불
RAW00202,2026-06-09 15:02,조규현,남,010-8073-8111,  사이즈  하나만 품절인데 그것만 재입고 되나여? 빠른 답변 부탁드려요. ㅎㅎ,반품,재입고
RAW00356,2026-05-20 15:16,남예진,여,010-6615-9428,문의드립니다. 앱 알림 설정을 끄고 싶은데 메뉴를 못 찾겠어요.,반품,기타
RAW00272,2026-05-06 13:15,오승민,남,010-3963-7140,결제한 거 무르고 싶어요. 돈 언제 돌아와요?,취소,환불
RAW00140,2026-05-05 20:14,홍지윤,여,010-5015-1122,포장을 뜯긴 했는데 사용은 안 했어요. 반품 받아주시나요?,반품,반품
RAW00093,2026-05-01 22:50,홍윤아,여,010-5859-8458,재입고 수량이 적던데 알림 받으면 바로 사야 하나요? 빠른 답변 부탁드려요....,재입고,재입고
RAW00331,2026-05-03 08:00,류윤서,여,010-9296-2157,  리뷰  이벤트 당첨자 발표는 언제 어디서 확인하나요? 확인 부탁드립니다.,기타,기타
RAW00261,2026-05-19 22:06,한예은,여,010-1630-1439,문의드립니다. 구성품에 어댑터도 포함인가요? 단품인지 세트인지 궁금해요. 확인 부탁드립니다.,상품정보,상품정보
RAW00358,2026-05-22 18:04,고기현,남,010-9498-6199,수고 많으세요. 회원 등급이 강등됐는데 기준이 어떻게 되는 건가요?,회원멤버십,회원멤버십
RAW00176,2026-05-06 01:54,한예은,여,010-7765-7126,바꾸고 싶은 색이 품절인데 들어오면 교환되나요?!!,교환,교환
RAW00191,2026-05-08 17:13,이유진,여,010-5978-1017,안녕하세요. 이사 가서 주소가 바뀌었는데 출고 전에 변경 부탁드려요.,배송문의,배송문의
RAW00339,2026-05-02 22:41,정성훈,남,010-5005-5798,문의드립니다. 선주문이나 예약으로 미리 잡아둘 수 있는 방법은 없나요? 확인 부탁드립니다. ㅎㅎ,재입고,재입고
RAW00070,2026-05-30 15:19,양예진,여,010-3856-5018,문의드립니다. 제품에 하자가 있어서 반품하려는데 회수는 언제 오나요?,반품,반품
RAW00039,2026-05-14 11:10,임보람,여,010-1302-1839,  첫  구매 할인 코드를 넣었는데 적용이 안 되네요. 만료된 건가요? 빠른 답변 부탁드려요.,주문결제,주문결제
RAW00247,2026-06-03 17:50,송시은,여,010-9885-4263,  마음에  안 들어서 그냥 다른 걸로 하고 싶은데 어떻게 해요?,반품,반품
RAW00270,2026-06-03 11:14,박재민,남,010-3162-2617,수고 많으세요. 재입고됐다고 알림 받고 들어왔는데 벌써 또 품절이네요. 빠른 답변 부탁드려요.,재입고,재입고
RAW00012,2026-06-06 11:17,서현주,여,010-8744-1442,안녕하세요. 장지갑 클러치 사이즈만 바꾸고 싶어요. 교한 신청할게요. 감사합니다.,교환,교환
RAW00037,2026-05-15 14:51,배정은,여,010-1236-7786,안녕하세요. 할부로 결제하고 싶은데 몇 개월까지 무이자 되나요? 확인 부탁드립니다.,주문결제,주문결제
RAW00096,2026-05-05 16:34,전우진,남,010-6643-8351,안녕하세요. 주문 직후인데 결제 취소 처리하면 카드 승인도 같이 취소되나여? ㅎㅎ,배송문의,취소
RAW00321,2026-06-03 22:29,조지영,여,010-9940-1311,결제가 두 번 된 것 같은데 하나 취소해 주세염.,주문결제,주문결제
