review_id,product_id,product_name,rating,title,content,purchase_option,helpful_count,created_at
R00001,P00043,모달 차렵이불 SS,2,예상보다 얇고 색상도 별로,모달이라 부드럽겠지 했는데 생각보다 힘없이 얇네요. 화면에서 본 색상도 실제론 좀 탁해서 실망했어요.,인디핑크/SS,8,2026-04-27
R00002,P00043,모달 차렵이불 SS,2,세탁 후 실밥이...,"처음 받았을 땐 괜찮았는데, 한 번 세탁하고 나니 여기저기 실밥이 튀어나와서 당황스럽습니다. 마감이 좀 아쉬워요.",라이트그레이/SS,5,2026-05-15
R00003,P00043,모달 차렵이불 SS,3,무난하게 사용 중입니다,"모달이라 부드럽긴 한데, 기대만큼 아주 포근한 느낌은 아니네요. SS 사이즈는 딱 맞아서 좋고 배송은 빨랐습니다.",차콜/Q,2,2026-02-25
R00004,P00043,모달 차렵이불 SS,5,인생 이불 찾았습니다!,"진짜 부드럽고 가벼워서 덮은 듯 안 덮은 듯 잠이 솔솔 와요. 아이 방에 사줬는데 너무 좋아하고, 색상도 은은하니 예쁩니다.",차콜/K,8,2026-01-28
R00005,P00043,모달 차렵이불 SS,3,가격 대비 괜찮은 편,"아주 최고라고는 못하겠지만, 이 가격에 이 정도 품질이면 나쁘지 않은 것 같아요. 다만 여름에 덮기엔 살짝 두툼한 감이 있네요.",인디핑크/Q,0,2026-02-23
R00006,P00043,모달 차렵이불 SS,5,촉감 최고! 컬러도 예뻐요,정말 부들부들하고 몸에 착 감기는 느낌이 너무 좋아요. 차콜 색상으로 구매했는데 고급스러워 보이고 세탁해도 변형 없어서 만족합니다.,차콜/K,5,2026-06-05
R00007,P00043,모달 차렵이불 SS,5,아침마다 일어나기 싫어요!,모달 이불 처음 써보는데 왜 이제야 샀을까요? 가볍고 통기성도 좋아서 한겨울 빼고 쭉 잘 쓸 것 같아요. 배송도 빠르고 포장도 깔끔했어요.,라이트그레이/SS,3,2026-05-01
R00008,P00043,모달 차렵이불 SS,3,그냥저냥 쓸 만해요,"특별히 좋지도 나쁘지도 않은 평범한 이불입니다. SS 사이즈는 넉넉하진 않지만 싱글 침대에 딱 맞고, 색상은 화면과 거의 같아요.",라이트그레이/Q,14,2026-02-03
R00009,P00074,이동식 옷걸이 행거,2,바퀴가 너무 뻑뻑해요,조립은 그럭저럭 했는데 바퀴가 너무 뻑뻑해서 이동이 거의 불가능하네요. 이걸 이동식이라고 할 수 있는지 모르겠어요.,단일,1,2026-02-28
R00010,P00074,이동식 옷걸이 행거,1,기대 이하였어요,광고 사진이랑 너무 달랐어요. 철제 부분이 너무 얇아서 옷 몇 벌 걸었는데 휘는 느낌이에요. 돈 아까워요.,단일,1,2026-04-26
R00011,P00074,이동식 옷걸이 행거,1,조립 불량에 녹까지...,"부품 하나가 아예 맞지 않아서 조립이 불가능했고, 심지어 봉 부분에 녹슨 자국까지 있네요. 바로 반품 요청했습니다.",단일,14,2026-01-23
R00012,P00074,이동식 옷걸이 행거,2,생각보다 많이 약해요,디자인은 괜찮은데 생각보다 너무 약해서 아쉬워요. 겨울 코트 몇 벌 걸었더니 휘청거려서 불안합니다.,단일,3,2026-03-12
R00013,P00074,이동식 옷걸이 행거,3,가격 생각하면 괜찮아요,"가격이 워낙 저렴해서 큰 기대는 안 했는데, 딱 그만큼이에요. 조립은 쉬웠지만, 고정 나사가 헐거워서 별로 튼튼하진 않네요.",단일,0,2026-01-22
R00014,P00074,이동식 옷걸이 행거,4,가성비 좋고 깔끔해요,배송도 빠르고 조립도 간단했어요. 무엇보다 블랙 색상이 깔끔해서 방 분위기랑 잘 어울리네요. 옷도 꽤 많이 걸 수 있어서 만족합니다.,단일,3,2026-05-15
R00015,P00074,이동식 옷걸이 행거,5,너무 좋아요! 강추!,진작 살 걸 그랬어요! 공간 활용에 최고입니다. 튼튼하고 바퀴도 부드럽게 잘 굴러가서 옷 정리하기 정말 편해졌어요.,단일,0,2026-05-11
R00016,P00074,이동식 옷걸이 행거,3,무난하게 사용 가능해요,"조립은 간단했고, 디자인도 심플해서 좋아요. 다만 바퀴 잠금장치가 살짝 뻑뻑하고, 최대 적재량이 생각보다 적은 것 같네요.",단일,5,2026-02-02
R00017,P00074,이동식 옷걸이 행거,2,설명서가 불친절하고 부품 누락,조립 설명서가 너무 불친절해서 한참 헤맸어요. 게다가 나사 한두개가 부족해서 겨우 조립했네요. 완성하고 나니 삐걱거려요.,단일,14,2026-05-08
R00018,P00074,이동식 옷걸이 행거,5,삶의 질이 달라졌어요!,"화이트 색상 너무 예쁘고 견고해서 놀랐어요. 겨울옷 가득 걸어도 끄떡없고, 좁은 방에 정말 유용하게 쓰고 있습니다! 최고예요!",단일,8,2026-02-09
R00019,P00074,이동식 옷걸이 행거,4,만족스러운 구매!,"옷이 많아서 정리하기 힘들었는데, 이거 사고 나서 훨씬 깔끔해졌어요. 생각보다 튼튼하고 디자인도 심플해서 마음에 들어요.",단일,2,2026-02-04
R00020,P00067,북유럽풍 도자기 접시 4P,5,너무 예뻐요! 식탁 분위기가 확 살아요!,색감이랑 디자인이 사진보다 실물이 훨씬 고급스러워요. 음식 담으면 다 예뻐 보이고 만족도 최고입니다. 세척도 편해요.,단일,3,2026-01-25
R00021,P00067,북유럽풍 도자기 접시 4P,3,그냥저냥 쓸만해요.,디자인은 예쁜데 생각보다 좀 무겁네요. 배송은 빨랐지만 하나가 미세하게 스크래치가 있어서 아쉬워요.,단일,0,2026-01-10
R00022,P00067,북유럽풍 도자기 접시 4P,5,완벽해요! 재구매 의사 있습니다!,"도자기 재질 정말 튼튼하고 마감도 깔끔해요. 북유럽풍 인테리어에 딱 어울리고, 데일리로 쓰기에도 좋아요. 선물용으로도 좋을 것 같아요!",단일,2,2026-02-20
R00023,P00067,북유럽풍 도자기 접시 4P,3,기대보다는 평범했어요.,사진으로 본 것보다 크기가 약간 작게 느껴져요. 색상은 무난하고 깨끗하게 잘 왔습니다. 엄청 특별한 건 없지만 잘 쓸 것 같아요.,단일,2,2026-03-30
R00024,P00067,북유럽풍 도자기 접시 4P,5,이 가격에 이런 퀄리티라니! 최고!,"도톰하고 견고해서 오래 쓸 것 같아요. 은은한 색감이 음식을 돋보이게 해주고, 4가지 디자인이 모두 마음에 들어요. 후회 없는 선택입니다!",단일,8,2026-02-06
R00025,P00067,북유럽풍 도자기 접시 4P,3,배송은 빨랐는데 살짝 아쉽네요.,포장은 꼼꼼했지만 접시 하나에 작은 기포 자국이 있네요. 디자인은 예쁘고 색상도 무난해요. 그냥 쓰기로 했습니다.,단일,5,2026-01-24
R00026,P00067,북유럽풍 도자기 접시 4P,3,무난하게 사용하기 좋습니다.,"특별히 좋다 나쁘다 할 건 없어요. 일반적인 도자기 접시고, 북유럽풍 디자인이 예뻐서 구매했어요. 사이즈는 적당합니다.",단일,14,2026-03-17
R00027,P00067,북유럽풍 도자기 접시 4P,3,가격 대비 괜찮은데 조금 더 신경 써주세요.,디자인은 마음에 들어요. 그런데 코팅이 균일하지 않은 부분이 몇 군데 보여요. 막 쓰기에는 괜찮지만 예민하신 분들은 참고하세요.,단일,3,2026-01-29
R00028,P00067,북유럽풍 도자기 접시 4P,4,전반적으로 만족해요!,깔끔하고 세련된 디자인이 돋보입니다. 크기도 적당하고 무게감도 안정적이에요. 한두 군데 작은 흠이 있었지만 크게 신경 쓰일 정도는 아니었어요.,단일,0,2026-04-29
R00029,P00067,북유럽풍 도자기 접시 4P,3,예쁘긴 한데 사용에 불편함이 있어요.,디자인은 정말 예뻐요. 그런데 바닥 부분이 매끄럽지 않아서 식탁 위에서 살짝 흔들리는 접시가 하나 있네요. 아쉽습니다.,단일,8,2026-05-27
R00030,P00067,북유럽풍 도자기 접시 4P,3,평범한데 가격 생각하면 나쁘지 않아요.,"사진이랑 똑같아요. 딱 예상했던 도자기 접시입니다. 4개 세트 구성이라 실용적이고, 배송은 빠르고 안전하게 도착했어요.",단일,3,2026-03-17
R00031,P00067,북유럽풍 도자기 접시 4P,5,식탁이 화사해졌어요! 강력 추천!,정말 고급스러운 색감과 질감이에요. 4가지 디자인이 모두 예쁘고 음식과도 잘 어울립니다. 손님 초대할 때 빛을 발할 것 같아요!,단일,0,2026-03-07
R00032,P00067,북유럽풍 도자기 접시 4P,3,생각보다 색상이 옅네요.,"사진에서는 좀 더 진한 색감으로 보였는데, 실제로는 조금 더 옅은 느낌이에요. 그래도 사용하기에 큰 지장은 없고, 깨진 곳 없이 잘 왔습니다.",단일,3,2026-01-15
R00033,P00015,스탠다드 피케 카라티,2,생각보다 별로예요,재질이 너무 얇고 흐물거려서 실망했어요. 핏도 어정쩡해서 한 번 입고 손이 잘 안 가네요.,차콜/2XL,3,2026-01-17
R00034,P00015,스탠다드 피케 카라티,4,데일리로 괜찮네요,"베이직한 디자인이라 여기저기 잘 어울려요. 다만, 색상이 화면보다 살짝 어두운 감이 있네요.",블랙/XL,8,2026-02-15
R00035,P00015,스탠다드 피케 카라티,5,최고에요! 재구매 의사 100%,원단 정말 좋고 부드러워요. 사이즈도 정사이즈로 딱 떨어지고 배송도 빨라서 대만족입니다.,화이트/L,0,2026-02-16
R00036,P00015,스탠다드 피케 카라티,5,여름 교복템 등극!,시원하고 편해서 여름내내 자주 입을 것 같아요. 세탁 후에도 변형 없이 깔끔해서 좋아요.,화이트/2XL,2,2026-04-11
R00037,P00015,스탠다드 피케 카라티,2,사이즈 미스인듯...,평소 입는 사이즈로 시켰는데 너무 작게 나온 것 같아요. 특히 팔 부분이 끼어서 활동하기 불편하네요.,차콜/M,8,2026-04-11
R00038,P00015,스탠다드 피케 카라티,2,기대했는데 아쉽네요,배송은 빨랐지만 옷에 작은 실밥들이 너무 많고 박음질도 깔끔하지 못했어요. 가격 대비 품질이 떨어지는 것 같습니다.,네이비/L,5,2026-05-20
R00039,P00015,스탠다드 피케 카라티,3,무난하게 입을만해요,"디자인은 깔끔해서 괜찮은데, 생각보다 구김이 잘 가고 통기성이 아주 좋진 않네요. 그냥저냥 편하게 입기엔 나쁘지 않습니다.",블랙/XL,3,2026-06-06
R00040,P00009,코튼 밴딩 팬츠,3,보통이에요,편하긴 한데 생각보다 좀 얇고 구김이 잘 가네요. 일상복으로 무난해요.,블랙/29,0,2026-03-18
R00041,P00009,코튼 밴딩 팬츠,3,그냥저냥 입어요,"허리 밴딩은 편한데, 기장이 저한테는 살짝 짧은 감이 있어요. 활동하기는 편합니다.",카키/27,0,2026-01-15
R00042,P00009,코튼 밴딩 팬츠,3,가격 대비 평범,베이지 색상 구매했는데 화면보다 살짝 어둡네요. 통은 넉넉해서 좋아요.,그레이/27,8,2026-05-08
R00043,P00009,코튼 밴딩 팬츠,3,애매하네요,"착용감은 나쁘지 않은데, 소재가 보풀이 좀 일어날 것 같은 느낌이에요. 한번 더 입어봐야 알 것 같아요.",그레이/27,5,2026-06-05
R00044,P00009,코튼 밴딩 팬츠,4,만족스러워요!,신축성 좋고 활동하기 정말 편해요. 데일리로 입기 딱 좋아서 잘 입을 것 같아요.,그레이/28,3,2026-03-28
R00045,P00009,코튼 밴딩 팬츠,3,무난템,검정색 구매했는데 기본템으로 괜찮아요. 엄청 뛰어나진 않지만 막 입기 좋아요.,그레이/28,8,2026-02-03
R00046,P00009,코튼 밴딩 팬츠,2,실망했어요,사이즈가 생각보다 너무 커서 헐렁하네요. 핏이 예쁘지 않아서 아쉬워요.,카키/30,1,2026-04-12
R00047,P00009,코튼 밴딩 팬츠,3,쏘쏘해요,"배송은 빨랐는데, 밑단 마감이 살짝 아쉬워요. 그래도 집에서 편하게 입으려고요.",블랙/26,14,2026-02-09
R00048,P00009,코튼 밴딩 팬츠,3,생각보다 평범해요,후기가 좋아서 기대했는데 그냥 보통 면바지 같아요. 특별히 좋지도 나쁘지도 않네요.,블랙/27,1,2026-04-26
R00049,P00009,코튼 밴딩 팬츠,2,기대 이하였어요,재질이 너무 얇아서 속옷 라인이 비쳐요. 여름 아니면 단독으로 입기 힘들겠어요.,블랙/27,1,2026-03-01
R00050,P00009,코튼 밴딩 팬츠,5,인생 팬츠 등극!,부드러운 코튼 소재에 밴딩이 너무 편해서 하루 종일 입고 있어도 불편함이 없어요. 벌써 다른 색상도 구매했습니다!,그레이/30,0,2026-01-19
R00051,P00009,코튼 밴딩 팬츠,5,너무 만족해요 최고!,핏이 정말 예쁘고 활동성도 최고예요. 어떤 상의에도 잘 어울려서 코디하기 너무 편하고 데일리템으로 강추합니다!,카키/29,0,2026-03-28
R00052,P00009,코튼 밴딩 팬츠,5,이건 꼭 사세요!,도톰하면서도 부드러운 소재에 넉넉한 핏이 정말 마음에 들어요. 허리 밴딩도 쪼임 없이 편해서 온종일 잘 입고 다녀요!,카키/30,0,2026-02-25
R00053,P00035,실리콘 지퍼백 대용량 세트,2,생각보다 별로네요..,"환경 생각해서 샀는데, 세척이 너무 힘들어요. 특히 지퍼 부분에 음식물이 끼면 잘 안 빠져서 결국 손이 잘 안 갑니다.",단일,1,2026-04-24
R00054,P00035,실리콘 지퍼백 대용량 세트,4,쓸만해요! 환경보호에 동참,"일회용품 줄이려고 구매했어요. 튼튼하고 밀봉도 잘 되는데, 가끔 음식 냄새가 좀 배는 것 같아요. 그래도 만족합니다.",단일,0,2026-03-03
R00055,P00035,실리콘 지퍼백 대용량 세트,3,장단점이 명확하네요,"대용량이라 식재료 보관하기는 편해요. 근데 생각보다 부피를 많이 차지하고, 건조하는 게 은근 귀찮네요.",단일,3,2026-04-23
R00056,P00035,실리콘 지퍼백 대용량 세트,5,대만족! 왜 이제 샀을까요?,"냉장고 정리 끝판왕입니다. 사이즈별로 다양하게 들어있어서 너무 좋고, 밀봉력도 최고예요. 삶아서 소독할 수 있어서 위생적으로도 안심돼요!",단일,5,2026-02-28
R00057,P00035,실리콘 지퍼백 대용량 세트,3,그냥저냥 쓸만해요,"가격 생각하면 괜찮은 것 같아요. 색상은 무난한 투명이라 좋은데, 지퍼가 좀 뻑뻑해서 열고 닫을 때 힘이 좀 필요합니다.",단일,8,2026-03-17
R00058,P00035,실리콘 지퍼백 대용량 세트,3,기대만큼은 아니지만...,"대용량 세트라고 해서 엄청 클 줄 알았는데, 생각보다 작은 사이즈들이 많아서 아쉬웠어요. 그래도 여러 개라 요모조모 쓸모는 있네요.",단일,5,2026-02-24
R00059,P00035,실리콘 지퍼백 대용량 세트,2,냄새가 너무 심해요,처음 받았을 때부터 실리콘 특유의 역한 냄새가 너무 심해서 여러 번 삶고 세척했는데도 잘 안 빠져요. 음식물 담기가 꺼려집니다.,단일,14,2026-05-09
R00060,P00035,실리콘 지퍼백 대용량 세트,3,그럭저럭 괜찮은 편,"배송은 빨랐는데, 몇 개는 지퍼 부분 마감이 좀 아쉬웠어요. 그래도 냉동실 보관용으로는 쓸만하고 환경 보호에 도움이 되니 그냥 씁니다.",단일,0,2026-05-16
R00061,P00035,실리콘 지퍼백 대용량 세트,4,잘 쓰고 있어요!,"사이즈 구성이 다양해서 여러 용도로 잘 활용하고 있어요. 냉장고 정리가 확실히 깔끔해졌고, 생각보다 냄새 배임도 적어서 만족스러워요.",단일,8,2026-05-01
R00062,P00035,실리콘 지퍼백 대용량 세트,5,인생템 등극입니다!,정말 만족스러워요! 냉동실에 육수나 다진 마늘 같은 거 소분해서 보관하기 딱 좋아요. 튼튼하고 밀폐력도 좋아서 국물 새는 일도 없어요.,단일,1,2026-04-22
R00063,P00035,실리콘 지퍼백 대용량 세트,2,지퍼가 불량인 것 같아요,세트 중에 큰 사이즈 하나가 지퍼 부분이 아예 안 닫혀요. 불량품이 온 것 같은데 교환하기 번거로워서 그냥 작은 것들만 쓰고 있어요.,단일,0,2026-04-04
R00064,P00035,실리콘 지퍼백 대용량 세트,3,세척이 좀 불편하네요,"실리콘 재질이라 기름때가 잘 안 지워지는 느낌이에요. 손으로 일일이 씻으려니 번거롭고, 식기세척기에 넣어도 가끔 지퍼 틈새는 덜 닦여요.",단일,0,2026-02-25
R00065,P00035,실리콘 지퍼백 대용량 세트,3,생각보다 자리 차지 많이 해요,"플라스틱 용기보다 말랑해서 공간 효율 좋을 줄 알았는데, 막상 내용물 넣고 보니 냉장고 자리를 꽤 차지하네요. 그래도 재활용 되는 건 좋아요.",단일,3,2026-03-28
R00066,P00035,실리콘 지퍼백 대용량 세트,5,주방 필수템이에요!,"이젠 없으면 안 될 지퍼백이에요. 과일, 야채 신선도 유지도 오래가고 전자레인지 사용까지 가능해서 너무 편리합니다. 대용량이라 넉넉하게 쓸 수 있어 좋아요.",단일,8,2026-01-18
R00067,P00070,호텔식 베이직 타월 4매,5,정말 호텔 수건 같아요!,부드럽고 흡수력도 좋아서 만족합니다. 세탁 후에도 보풀 없이 짱짱해서 추가 구매 예정이에요. 아이보리 색상도 고급스럽네요.,그레이,1,2026-05-07
R00068,P00070,호텔식 베이직 타월 4매,2,기대 이하였어요...,호텔식이라고 해서 기대했는데 생각보다 얇고 흡수력이 좋지 않아요. 특히 세탁하니 실밥이 풀리는 부분이 있어서 좀 실망했습니다.,그레이,8,2026-04-25
R00069,P00070,호텔식 베이직 타월 4매,5,깔끔하고 두툼해요!,아이보리색으로 주문했는데 사진과 똑같이 깔끔하고 고급스러워요. 두께도 적당해서 얼굴에 닿는 느낌이 정말 부드럽습니다. 배송도 빨랐어요!,그레이,2,2026-03-25
R00070,P00070,호텔식 베이직 타월 4매,5,강력 추천합니다! 재구매 의사 100%,오래된 수건들 바꾸려고 샀는데 대만족입니다! 촉감도 부드럽고 물기 닦을 때 찝찝함 없이 싹 흡수돼요. 저희 집 수건 전부 이걸로 바꾸려구요!,화이트,1,2026-04-13
R00071,P00070,호텔식 베이직 타월 4매,3,쏘쏘.. 가격대비 무난해요,두툼한 편이긴 한데 엄청 드라마틱한 호텔 수건 느낌은 아니에요. 색상은 예쁘고 초기 세탁시 물 빠짐은 없었습니다. 그냥저냥 쓸만해요.,그레이,1,2026-03-09
R00072,P00070,호텔식 베이직 타월 4매,5,수건 하나로 욕실 분위기가 바뀌었어요!,집들이 선물로 받았는데 너무 좋아서 저도 추가 구매했어요. 톡톡하고 부드러운 감촉 덕분에 매일 샤워하는 시간이 더 즐겁네요. 그레이 색상도 모던하고 예뻐요.,화이트,8,2026-05-16
R00073,P00070,호텔식 베이직 타월 4매,4,일반 수건보다 확실히 좋네요,기존에 쓰던 수건보다 훨씬 두껍고 부드러워요. 흡수력도 좋아서 몸에 물기가 금방 마릅니다. 다만 가격이 조금 비싼 감은 있어요.,화이트,3,2026-06-01
R00074,P00070,호텔식 베이직 타월 4매,5,남편도 반한 수건이에요!,까다로운 남편이 수건 좋다고 칭찬했어요! 한 번 사용했는데 축축하지 않고 뽀송해서 만족스럽습니다. 다음엔 다른 색상도 구매해봐야겠어요.,화이트,5,2026-05-31
R00075,P00070,호텔식 베이직 타월 4매,3,생각보다 평범한 느낌?,"호텔 수건이라고 해서 기대했는데 아주 특별한 정도는 아니었어요. 적당히 도톰하고 사용감은 괜찮지만, 살짝 보풀이 생기는 점은 아쉽네요.",화이트,2,2026-02-27
R00076,P00070,호텔식 베이직 타월 4매,5,인생 타월 찾았습니다!,"오랜만에 정말 마음에 드는 수건을 찾았어요. 세탁 후에도 변형 없이 튼튼하고, 사용하고 나면 개운함이 남다릅니다. 완전 강추입니다!",그레이,5,2026-04-27
R00077,P00033,원목 도마 대형,5,완벽한 사이즈와 품질!,대형 도마 찾고 있었는데 딱 좋아요. 나무 결도 너무 예쁘고 튼튼해서 오래 쓸 것 같아요. 주방 분위기가 확 사네요!,단일,8,2026-02-18
R00078,P00033,원목 도마 대형,2,생각보다 아쉬워요,사이즈는 괜찮은데 나무 색상이 사진이랑 너무 달라서 실망했어요. 기대했던 내추럴한 느낌이 없네요.,단일,14,2026-04-12
R00079,P00033,원목 도마 대형,3,무난하게 쓸만해요,배송은 빨랐는데 모서리 부분 마감이 살짝 거칠어서 아쉬워요. 그래도 크기나 두께는 괜찮아서 그냥 쓰려구요.,단일,1,2026-04-05
R00080,P00033,원목 도마 대형,5,주방의 품격이 달라져요!,정말 고급스럽고 묵직해요. 칼질할 때 안정감이 있어서 너무 만족스럽습니다. 김장할 때나 손님 많을 때 최고일 것 같아요.,단일,5,2026-04-08
R00081,P00033,원목 도마 대형,5,선물용으로도 최고!,지인 선물로 샀는데 포장도 꼼꼼하고 너무 마음에 들어 하네요. 품질도 좋고 사이즈도 시원시원해서 저도 하나 더 구매할까 생각 중입니다.,단일,0,2026-04-07
R00082,P00033,원목 도마 대형,3,가격 대비 그럭저럭,"가격이 저렴한 편이라 큰 기대는 안 했는데, 역시나... 나무 옹이 부분이 좀 많은 게 흠이에요. 그래도 대형이라 활용도는 높아요.",단일,5,2026-02-14
R00083,P00033,원목 도마 대형,3,살짝의 얼룩이 아쉽네요,배송은 빨랐지만 도마 한 쪽에 작은 얼룩이 있어서 신경 쓰이네요. 그래도 기능상 문제는 없어서 교환은 안하고 그냥 사용하려고요.,단일,3,2026-06-04
R00084,P00033,원목 도마 대형,1,이건 좀 아니네요,"배송도 너무 느렸고, 받자마자 나무 갈라짐이 심해서 깜짝 놀랐습니다. 이 정도면 불량 아닌가요? 바로 반품 신청합니다.",단일,0,2026-04-06
R00085,P00063,슬림 카드지갑,5,완벽한 슬림 카드지갑!,얇고 가벼워서 휴대하기 너무 좋아요. 색상도 화면과 똑같고 마감도 깔끔해서 대만족입니다!,블랙/FREE,0,2026-02-25
R00086,P00063,슬림 카드지갑,2,기대 이하였어요...,생각보다 카드가 뻑뻑하게 들어가고 재질이 너무 얇아서 금방 찢어질 것 같아요. 배송은 빨랐지만 제품 자체는 별로네요.,브라운/FREE,1,2026-05-31
R00087,P00063,슬림 카드지갑,3,그냥저냥 쓸만해요,사이즈는 괜찮은데 카드 수납이 좀 아쉬워요. 가격 생각하면 나쁘지 않은 것 같기도 하고... 컬러는 예쁩니다.,브라운/FREE,1,2026-02-14
R00088,P00063,슬림 카드지갑,3,쏘쏘한 카드지갑,"딱 필요한 만큼만 들어가서 편한데, 지폐 넣는 공간이 없어서 좀 불편하네요. 배송은 빠르고 포장도 잘 되어 왔어요.",블랙/FREE,1,2026-04-15
R00089,P00063,슬림 카드지갑,3,무난하게 사용 중,"디자인은 심플하고 좋은데, 몇 달 쓰니 실밥이 조금씩 나오기 시작하네요. 가볍게 쓰기엔 괜찮아요.",블랙/FREE,14,2026-03-20
R00090,P00063,슬림 카드지갑,2,재질이 너무 별로예요,사진으로 봤을 땐 고급스러워 보였는데 실제로 받아보니 너무 저렴한 티가 나요. 다른 색상으로 교환할까 고민 중입니다.,블랙/FREE,0,2026-02-16
R00091,P00063,슬림 카드지갑,5,인생 카드지갑 찾았어요!,손에 착 감기는 그립감에 카드도 넉넉하게 들어가고 정말 최고입니다! 이 가격에 이 퀄리티라니 믿을 수 없어요. 선물용으로도 좋을 것 같아요.,브라운/FREE,5,2026-05-03
R00092,P00063,슬림 카드지갑,3,생각했던 대로입니다,아주 좋지도 나쁘지도 않은 평범한 카드지갑이에요. 막 쓰기에는 부담 없어서 잘 쓰고 있어요. 배송은 좀 느렸네요.,블랙/FREE,3,2026-03-21
R00093,P00063,슬림 카드지갑,3,가격 대비 괜찮아요,"가벼워서 좋긴 한데, 스크래치에 좀 약한 것 같아요. 색상은 화면이랑 거의 비슷해서 만족합니다.",브라운/FREE,0,2026-02-03
R00094,P00063,슬림 카드지갑,4,데일리템으로 딱 좋아요,필요한 카드만 쏙쏙 넣고 다니기 좋아요. 작은 가방에도 쏙 들어가서 휴대성 최고! 마감도 깔끔하고 만족합니다.,브라운/FREE,0,2026-04-12
R00095,P00063,슬림 카드지갑,1,이건 정말 아닌 것 같아요,"받자마자 실밥이 여기저기 튀어나와 있고, 모서리 부분 마감이 엉망입니다. 돈 아까워요. 바로 반품 신청합니다.",블랙/FREE,0,2026-01-26
R00096,P00063,슬림 카드지갑,3,평범한 카드지갑,"너무 얇아서 좀 불안한 감은 있지만, 디자인은 깔끔해요. 카드 3~4개 정도 넣기 좋습니다.",블랙/FREE,1,2026-01-24
R00097,P00063,슬림 카드지갑,3,가성비는 나쁘지 않네요,솔직히 엄청 고급스럽진 않아도 이 가격에 이 정도면 괜찮은 것 같아요. 카드 잘 빠지지 않아서 좋습니다.,블랙/FREE,0,2026-02-04
R00098,P00063,슬림 카드지갑,4,색상이 너무 예뻐요!,"쨍한 컬러감이 마음에 쏙 들고, 가볍고 슬림해서 들고 다니기 정말 편해요. 지갑 정리하기 딱 좋네요. 배송도 빨랐어요.",브라운/FREE,5,2026-04-02
R00099,P00071,속건 마이크로화이버 타월 3매,1,너무 얇고 흡수력이 별로네요,마이크로화이버라고 해서 기대했는데 너무 얇아서 제대로 닦이지도 않고 흡수력도 실망스러워요. 돈이 아깝네요.,민트,2,2026-05-03
R00100,P00071,속건 마이크로화이버 타월 3매,4,빠르게 잘 마르고 좋아요,욕실에 걸어두면 금방 말라서 위생적이고 만족합니다. 생각보다 촉감이 부드러워서 피부에도 자극 없어요.,화이트,8,2026-01-21
R00101,P00071,속건 마이크로화이버 타월 3매,1,색상 칙칙하고 먼지가 너무 많아요,사진이랑 색상이 너무 달라서 실망했어요. 처음 세탁했는데도 먼지가 너무 많이 나와서 다른 옷이랑 같이 못 돌리겠네요.,화이트,3,2026-04-10
R00102,P00071,속건 마이크로화이버 타월 3매,3,"그냥저냥 쓸만해요, 큰 장점은 없어요","특별히 좋지도 나쁘지도 않아요. 속건 기능은 보통이고, 사이즈는 딱 적당하네요. 재구매는 고민될 것 같아요.",민트,14,2026-01-10
R00103,P00071,속건 마이크로화이버 타월 3매,5,인생템! 부드럽고 흡수력 최고!,"정말 부드러워서 놀랐어요. 물기 닦고 나면 뽀송하게 마르는 느낌이 좋고, 욕실 수건은 이제 이것만 쓸 것 같아요!",그레이,0,2026-01-27
R00104,P00071,속건 마이크로화이버 타월 3매,1,배송도 느리고 품질도 별로,주문하고 며칠 뒤에나 배송됐어요. 수건은 생각보다 거칠고 보풀이 계속 일어나서 손이 안 가네요. 최악입니다.,그레이,2,2026-01-13
R00105,P00071,속건 마이크로화이버 타월 3매,1,기대 이하의 제품입니다.,마이크로화이버 타월 많이 써봤는데 이건 정말 품질이 떨어져요. 세탁할 때마다 줄어드는 것 같고 박음질도 엉성합니다.,민트,14,2026-05-06
R00106,P00071,속건 마이크로화이버 타월 3매,2,건조는 빠른데 피부에 닿는 느낌이 별로,"빨리 마르긴 하는데, 일반 면 타월보다 훨씬 뻣뻣해서 얼굴 닦을 때 불편해요. 기대했던 부드러움이 없네요.",그레이,14,2026-02-07
R00107,P00071,속건 마이크로화이버 타월 3매,2,얇아서 닦는 맛이 없어요,얇은 건 둘째치고 몸 닦을 때 시원하게 닦이는 느낌이 없어요. 3개나 샀는데 다 쓸지 모르겠어요. 재구매 의사 없습니다.,민트,0,2026-04-10
R00108,P00071,속건 마이크로화이버 타월 3매,3,가성비는 괜찮은데 냄새가 좀 나요,가격 대비 나쁘지 않아요. 다만 처음 받았을 때 화학 약품 냄새가 좀 나서 여러 번 빨아서 사용했습니다.,민트,0,2026-02-02
R00109,P00071,속건 마이크로화이버 타월 3매,5,선물용으로도 최고! 재구매 의사 100%,부모님께 선물해 드렸는데 너무 좋아하세요. 가볍고 휴대하기 좋아서 운동 갈 때도 잘 쓰고 있습니다. 역시 속건이 최고!,그레이,1,2026-04-10
R00110,P00077,1.7L 전기포트,1,"최악의 제품, 절대 사지 마세요",받자마자 작동이 안 되네요. 전원 스위치도 뻑뻑하고 물도 안 끓어서 바로 반품 신청했습니다. 배송도 너무 느렸어요.,화이트,0,2026-02-09
R00111,P00077,1.7L 전기포트,2,기대 이하였어요,"디자인은 나쁘지 않은데, 물 끓이는 속도가 너무 느리고 냄새도 좀 나네요. 몇 번 사용해보니 플라스틱 타는 듯한 냄새가 거슬려요.",블랙,0,2026-04-29
R00112,P00077,1.7L 전기포트,4,이 정도면 만족합니다!,1.7L 용량이라 한 번에 넉넉하게 물 끓일 수 있어서 좋아요. 디자인도 깔끔한 실버라 주방에 잘 어울리고 배송도 빨랐습니다.,블랙,14,2026-03-22
R00113,P00077,1.7L 전기포트,5,"너무 좋아요, 완전 추천!",끓는 속도 정말 빠르고 소음도 적어서 만족스러워요. 손잡이 그립감도 좋고 세척도 편해서 매일 잘 쓰고 있습니다.,블랙,0,2026-05-08
R00114,P00077,1.7L 전기포트,5,가성비 최고 전기포트네요!,"가격 대비 성능이 너무 훌륭합니다. 블랙 색상이라 고급스러워 보이고, 대용량이라 손님 오셨을 때도 문제 없어요.",화이트,1,2026-01-30
R00115,P00077,1.7L 전기포트,5,완벽한 상품이에요!,"깔끔한 디자인에 빠른 가열, 그리고 안전 기능까지 완벽해요. 온수 보관 기능까지 있었으면 금상첨화겠지만 이대로도 충분히 만족합니다.",블랙,0,2026-02-03
R00116,P00077,1.7L 전기포트,3,그냥저냥 쓸만해요,"가격 생각하면 괜찮지만, 물 따를 때 가끔 새는 부분이 있어요. 그래도 대용량이라 실용적이고, 흰색 디자인은 깔끔해서 좋네요.",화이트,5,2026-06-02
R00117,P00077,1.7L 전기포트,3,무난한데 아쉬운 점도 있어요,"물은 잘 끓고 용량도 충분한데, 코드 길이가 너무 짧아서 사용이 좀 불편합니다. 보온 기능이 없다는 점도 살짝 아쉬워요.",화이트,8,2026-04-15
R00118,P00034,유리 밀폐용기 10종 세트,3,"무난해요, 가격 대비 괜찮은듯",유리 재질은 괜찮은데 뚜껑 마감이 좀 아쉬워요. 배송은 빨랐습니다.,단일,0,2026-04-08
R00119,P00034,유리 밀폐용기 10종 세트,5,진짜 대만족! 왜 이제 샀을까요?,다양한 사이즈 구성이 너무 좋고 밀폐력도 최고예요. 냉장고 정리가 확 되네요!,단일,0,2026-03-31
R00120,P00034,유리 밀폐용기 10종 세트,3,기대보단 평범해요,"10종이라 구성은 좋은데, 생각보다 작은 사이즈가 많네요. 색상도 그냥 일반 투명입니다.",단일,14,2026-01-26
R00121,P00034,유리 밀폐용기 10종 세트,3,"글쎄요, 장단점이 있네요","유리 용기는 튼튼한 것 같은데, 어떤 뚜껑은 좀 뻑뻑하고 어떤 건 헐거워요. 복불복인가 봐요.",단일,1,2026-03-21
R00122,P00034,유리 밀폐용기 10종 세트,4,전반적으로 만족합니다!,배송도 빠르고 파손 없이 잘 왔어요. 밀폐력도 괜찮고 냉장고에 깔끔하게 잘 들어가네요.,단일,5,2026-04-27
R00123,P00034,유리 밀폐용기 10종 세트,5,완벽한 선택! 주방이 환해졌어요,이 가격에 이런 고품질 유리 용기라니 감동입니다. 김치 냄새도 안 배고 너무 위생적이에요.,단일,14,2026-02-14
R00124,P00034,유리 밀폐용기 10종 세트,3,그냥저냥 쓸만해요,"몇몇 용기는 생각보다 좀 얇은 느낌이고, 뚜껑 여닫는 게 힘든 것도 있네요. 그래도 쓰긴 합니다.",단일,2,2026-04-04
R00125,P00034,유리 밀폐용기 10종 세트,5,재구매 의사 100%입니다!,"구성도 알차고 밀폐력, 내구성 모두 완벽합니다. 주방 정리 필수템으로 강추해요!",단일,1,2026-05-07
R00126,P00034,유리 밀폐용기 10종 세트,2,실망스러워요... 파손된 채로 왔네요,도착했을 때 작은 용기 하나가 깨져있어서 속상했어요. 포장 보완이 필요할 것 같아요.,단일,0,2026-05-12
R00127,P00034,유리 밀폐용기 10종 세트,2,뚜껑이 너무 약해요,몇 번 사용하지도 않았는데 뚜껑 한 부분이 깨졌어요. 내구성이 너무 떨어지는 것 같습니다.,단일,0,2026-04-09
R00128,P00028,극세사 양말 5켤레 세트,5,따뜻하고 부드러워요!,올겨울 필수템입니다! 발목까지 부드럽게 감싸주고 정말 따뜻해서 매일 신고 있어요. 색상도 화면이랑 똑같고 배송도 빨랐습니다.,브라운/FREE,8,2026-02-05
R00129,P00028,극세사 양말 5켤레 세트,4,가성비 좋네요,5켤레 세트 가격 생각하면 아주 만족스러워요. 발이 크지 않은 편이라 사이즈도 적당하고 착용감도 괜찮습니다. 다만 한두 켤레는 실밥 마무리가 살짝 아쉬웠어요.,블랙/FREE,8,2026-03-28
R00130,P00028,극세사 양말 5켤레 세트,3,그냥저냥 신을만해요,"극세사라 부드럽긴 한데 생각보다 많이 두껍지는 않네요. 보온성은 보통이고, 땀이 잘 차는 편이라 호불호가 갈릴 것 같아요. 무난하게 신기 좋습니다.",블랙/FREE,8,2026-02-11
R00131,P00028,극세사 양말 5켤레 세트,5,재구매 의사 100%,"전에 다른 곳에서 산 극세사 양말은 금방 보풀 생기고 헤졌는데, 이건 짱짱하고 질이 좋아요. 발목 부분도 조이지 않고 편해서 아주 만족합니다.",블랙/FREE,8,2026-05-24
R00132,P00028,극세사 양말 5켤레 세트,5,선물용으로도 강추!,부모님께 선물해드렸는데 너무 좋아하시네요. 발시림 때문에 고생하셨는데 이거 신고 나서는 훨씬 따뜻하다고 하세요. 포장도 깔끔하게 와서 좋았습니다.,브라운/FREE,2,2026-05-11
R00133,P00028,극세사 양말 5켤레 세트,5,인생 양말 찾았어요,"이렇게 부드럽고 포근한 양말은 처음이에요. 신었을 때 착 감기는 느낌이 너무 좋고, 한 번 빨았는데도 변형 없이 그대로라 감동받았습니다.",블랙/FREE,3,2026-02-07
R00134,P00028,극세사 양말 5켤레 세트,5,색상 다 예뻐요!,파스텔톤 색상들이 다 너무 예뻐서 어떤 옷에도 잘 어울려요. 겨울이라고 어두운색만 신었는데 이거 덕분에 발이 화사해졌어요. 배송도 총알배송이었습니다.,브라운/FREE,3,2026-04-04
R00135,P00028,극세사 양말 5켤레 세트,2,기대 이하였어요,"극세사라 해서 엄청 부드러울 줄 알았는데, 생각보다 거칠고 발에 닿는 느낌이 좋지 않네요. 세탁하니 조금 더 뻣뻣해진 것 같아서 실망했습니다.",브라운/FREE,0,2026-05-02
R00136,P00028,극세사 양말 5켤레 세트,1,너무 얇고 잘 늘어나요,"받고 나서 얇은 두께에 놀랐어요. 한번 신었는데 발뒤꿈치 부분이 벌써 늘어나는 느낌이고, 보온성도 일반 양말이랑 큰 차이가 없네요. 돈 아까워요.",블랙/FREE,8,2026-05-02
R00137,P00028,극세사 양말 5켤레 세트,2,사이즈가 좀 작아요,"평소 245-250 신는데, 이 양말은 발길이가 너무 짧아요. 발목 부분도 너무 꽉 조여서 불편하고, 몇 번 신으니 발바닥 부분이 벌써 닳는 것 같습니다.",브라운/FREE,0,2026-01-25
R00138,P00028,극세사 양말 5켤레 세트,2,보풀이 너무 심해요,한두 번 신었을 뿐인데 보풀이 너무 많이 생겨서 지저분해 보여요. 다른 옷이랑 같이 세탁했더니 보풀 때문에 옷 전체가 난리가 났습니다. 재구매는 안 할 것 같아요.,블랙/FREE,8,2026-02-26
R00139,P00055,베이직 데님 자켓,2,생각보다 별로예요,M사이즈 주문했는데 팔길이가 너무 짧고 품은 어정쩡하게 커서 핏이 예쁘지 않네요. 재질도 뻣뻣해서 불편해요.,베이지/S,5,2026-01-12
R00140,P00055,베이직 데님 자켓,3,그냥저냥 입을 만해요,사진이랑 색감은 비슷한데 두께가 좀 얇아서 간절기용으로만 입어야겠어요. 무난하게 걸치기엔 나쁘지 않아요.,카키/M,1,2026-06-04
R00141,P00055,베이직 데님 자켓,1,정말 실망입니다...,배송은 엄청 느렸는데 받아보니 옷에서 심한 화학약품 냄새가 나고 박음질도 엉망이네요. 환불 신청했습니다.,베이지/L,0,2026-03-24
R00142,P00055,베이직 데님 자켓,3,평범한 데님 자켓이에요,L사이즈 시켰는데 모델 착용샷보다 기장이 살짝 짧은 감이 있어요. 크게 특별한 점은 없고 딱 기본 데님 자켓이네요.,베이지/L,2,2026-05-08
R00143,P00055,베이직 데님 자켓,5,인생 데님 자켓 찾았어요!,정말 딱 찾던 핏에 색상도 너무 예뻐요! 어떤 옷에도 잘 어울리고 편안해서 매일 입을 것 같아요. 강추합니다!,블랙/S,3,2026-05-23
R00144,P00055,베이직 데님 자켓,4,"만족해요, 잘 입을게요",소재가 부드럽고 착용감이 좋아요. 다만 단추 채울 때 좀 뻑뻑한 감이 있어서 별 하나 뺐습니다. 그래도 전체적으로 만족해요.,카키/L,2,2026-03-17
R00145,P00055,베이직 데님 자켓,2,기대 이하였어요,워싱이 사진이랑 너무 달라서 당황했어요. 빈티지한 느낌이라기보다는 그냥 좀 얼룩덜룩해 보여서 반품 고민 중입니다.,베이지/S,5,2026-02-28
R00146,P00055,베이직 데님 자켓,3,무난하게 걸치기 좋아요,사이즈는 정사이즈인 것 같고 배송도 보통이었어요. 딱히 장점도 단점도 없이 그냥 기본템으로 입기 좋아요.,블랙/L,14,2026-06-08
R00147,P00055,베이직 데님 자켓,5,재구매 의사 100%예요!,"핏, 색상, 질감 뭐 하나 빠지는 것 없이 완벽해요! 여기저기 매치하기 좋아서 교복처럼 입고 다니고 있습니다. 최고예요!",블랙/M,8,2026-03-27
R00148,P00056,플로럴 셔링 원피스,4,예뻐요! 다만...,"색상도 화사하고 디자인도 마음에 들어요. 다만, 길이가 생각보다 조금 짧아서 활동할 때 신경 쓰이네요.",블랙/L,0,2026-03-10
R00149,P00056,플로럴 셔링 원피스,3,그냥저냥 괜찮아요,"배송은 빨랐는데, 기대했던 것보다는 재질이 얇아요. 편하게 입기엔 나쁘지 않네요.",그린/M,8,2026-05-21
R00150,P00056,플로럴 셔링 원피스,3,무난하게 입기 좋아요,"플로럴 패턴이 예쁘긴 한데, 셔링이 사진만큼 드라마틱하진 않아요. 그래도 데일리로 입기엔 괜찮아요.",그린/M,0,2026-05-29
R00151,P00056,플로럴 셔링 원피스,5,인생 원피스 등극!,몸매를 예쁘게 잡아주면서도 정말 편안해요! 화사한 색감 덕분에 얼굴도 밝아 보여서 대만족입니다.,아이보리/L,8,2026-02-06
R00152,P00056,플로럴 셔링 원피스,5,사진보다 실물이 훨씬 예뻐요!,"고민하다가 샀는데 정말 후회 없어요! 꽃무늬도 고급스럽고, 부들부들한 소재 덕분에 하루 종일 기분 좋게 입었습니다.",아이보리/S,0,2026-05-06
R00153,P00056,플로럴 셔링 원피스,2,기대했는데 실망이네요,사이즈가 너무 작게 나온 것 같아요. 평소 입던 사이즈로 시켰는데 너무 끼고 활동하기 불편합니다. 반품 고민 중이에요.,블랙/M,2,2026-03-15
R00154,P00056,플로럴 셔링 원피스,4,예쁘고 편해요!,"화려한 꽃무늬가 봄에 딱이네요. 허리 셔링 덕분에 날씬해 보여서 좋고, 배송도 빠르고 포장도 깔끔했어요.",그린/S,0,2026-02-07
R00155,P00056,플로럴 셔링 원피스,5,이거 꼭 사세요 두 번 사세요!,오랜만에 정말 마음에 쏙 드는 원피스 찾았어요! 하늘하늘한 소재에 은은한 플로럴 패턴이 정말 고급스러워 보여요. 중요한 약속에 입고 갔는데 칭찬 많이 받았어요.,그린/S,0,2026-01-27
R00156,P00056,플로럴 셔링 원피스,2,색상이 좀 달라요,사진이랑 색감이 너무 달라서 당황했어요. 화면에서는 밝은 민트였는데 실제로는 탁한 그린이네요. 생각했던 분위기가 아니에요.,아이보리/S,3,2026-03-10
R00157,P00050,탁상용 USB 서큘레이터,4,사무실에서 쓰기 딱 좋아요!,"배송도 빠르고 블랙 색상 깔끔합니다. 바람 세기가 아주 강력하진 않지만, 개인용으로 책상에서 쓰기에는 충분히 시원해서 만족해요.",블랙,2,2026-02-03
R00158,P00050,탁상용 USB 서큘레이터,2,생각보다 별로네요...,"기대하고 주문했는데, 바람이 너무 약해서 거의 느껴지지 않아요. 작은 소음도 거슬리고 가격 생각하면 좀 실망입니다.",블랙,1,2026-02-28
R00159,P00050,탁상용 USB 서큘레이터,5,인생템 등극! 강추합니다!,"디자인도 너무 예쁘고, 작은 크기인데도 시원한 바람이 정말 놀라워요. USB 연결이라 휴대하기도 편하고 올여름 필수템입니다!",화이트,1,2026-05-07
R00160,P00050,탁상용 USB 서큘레이터,5,소리도 조용하고 바람도 시원해요!,사무실에서 틀어놓아도 소음이 거의 없어서 방해되지 않아요. 작지만 시원한 바람이 계속 나와서 땀 흘릴 일이 없네요. 완벽합니다!,화이트,2,2026-03-02
R00161,P00050,탁상용 USB 서큘레이터,3,무난하게 쓸만해요,USB로 연결하니 편리하고 디자인도 깔끔해서 좋네요. 다만 바람 세기가 조금 더 강했으면 좋았을 것 같아요. 그냥저냥 쓰기 괜찮습니다.,화이트,8,2026-04-28
R00162,P00050,탁상용 USB 서큘레이터,4,화이트 색상 예쁘고 시원해요,화이트 색상으로 구매했는데 책상 분위기를 밝게 해주고 예쁩니다. 3단계 바람 조절도 가능해서 상황에 따라 조절할 수 있어 좋아요.,블랙,14,2026-01-22
R00163,P00050,탁상용 USB 서큘레이터,4,작은데 시원해요! 휴대성 최고,"생각보다 훨씬 작아서 놀랐는데, 바람은 또 시원해서 반전입니다. 캠핑 갈 때나 야외에서 노트북에 연결해서 쓰기 좋을 것 같아요.",화이트,2,2026-05-03
R00164,P00050,탁상용 USB 서큘레이터,5,재구매 의사 100%! 너무 좋아요!,"지인 추천으로 샀는데 정말 후회 없습니다. 소음도 거의 없고, 작은데도 시원함이 엄청나요. 하나 더 사서 침대 옆에 둘까 고민 중입니다.",화이트,14,2026-05-11
R00165,P00050,탁상용 USB 서큘레이터,5,가성비 갑! 이 가격에 이 성능이라니!,저렴한 가격에 구매했는데 성능이 기대 이상입니다. 책상 위에 놓고 쓰는데 땀이 싹 마르고 집중이 잘 돼요. 완전 득템한 기분이에요.,화이트,0,2026-04-13
R00166,P00050,탁상용 USB 서큘레이터,3,배송은 빨랐는데 조금 아쉽네요,"주문하고 다음날 바로 받아서 좋았어요. 그런데 바람이 생각보다 약하고, 미세하게 진동 소리가 나서 조용한 곳에서는 신경 쓰이네요.",블랙,2,2026-04-08
R00167,P00050,탁상용 USB 서큘레이터,3,생각했던 것보다 조금 부족해요,"사이즈는 딱 적당하고 무게도 가벼워서 좋아요. 하지만 풍량이 조금 아쉽고, 각도 조절이 자유롭지 않은 점은 좀 불편하네요.",화이트,0,2026-05-14
R00168,P00050,탁상용 USB 서큘레이터,5,탁상용 서큘레이터 최고! 대만족입니다!,더운 사무실에서 일하기 힘들었는데 이거 하나로 삶의 질이 달라졌어요. 조용하고 바람도 시원해서 일의 효율도 오르는 것 같습니다!,화이트,14,2026-02-27
R00169,P00022,캔버스 로우 스니커즈,5,캔버스 스니커즈 최고에요!,딱 찾던 디자인에 착화감도 편해요. 배송도 빠르고 품질도 굿입니다.,화이트/270,8,2026-02-08
R00170,P00022,캔버스 로우 스니커즈,2,생각보다 별로예요...,"사이즈가 너무 크게 나왔네요. 한 치수 작게 시켰어야 하는데, 반품하기 귀찮아서 그냥 신어요.",블랙/230,1,2026-03-13
R00171,P00022,캔버스 로우 스니커즈,5,데일리 신발로 딱!,화이트 색상 너무 예쁘고 어디에나 잘 어울려요. 굽도 적당히 있어서 키높이 효과도 살짝 있네요!,화이트/250,5,2026-04-27
R00172,P00022,캔버스 로우 스니커즈,4,깔끔하고 좋아요!,기본 캔버스화로 무난하게 신기 좋습니다. 다만 발볼이 넓은 편인데 살짝 타이트한 감이 있어요.,화이트/270,2,2026-06-06
R00173,P00022,캔버스 로우 스니커즈,4,기대 이상이에요~,저렴한 가격에 비해 마감이 꽤 깔끔하고 튼튼해 보여요. 오래 신을 수 있을 것 같아요.,블랙/250,0,2026-03-01
R00174,P00022,캔버스 로우 스니커즈,3,그냥저냥 신을만해요.,"디자인은 괜찮은데, 쿠션감이 거의 없어서 오래 걸으면 발이 좀 아파요. 가격 생각하면 뭐...",그레이/250,8,2026-03-08
R00175,P00022,캔버스 로우 스니커즈,3,평범한 스니커즈,"배송은 빨랐는데, 신발 안쪽에 실밥 처리가 약간 아쉬워요. 그래도 겉으론 티 안 나니까 괜찮아요.",그레이/240,0,2026-02-19
R00176,P00022,캔버스 로우 스니커즈,4,가성비 좋은 신발,가볍고 편해서 매일 신고 다녀요. 베이지 색상이라 코디하기도 좋고 막 신기 좋네요!,블랙/250,5,2026-03-12
R00177,P00078,2구 인덕션 레인지,1,진짜 너무 실망이에요,화력이 너무 약해서 조리가 제대로 안 돼요. 디자인만 보고 샀는데 후회막심입니다.,블랙,3,2026-04-15
R00178,P00078,2구 인덕션 레인지,2,글쎄요.. 기대 이하였어요,오른쪽 화구는 괜찮은데 왼쪽이 너무 약해서 거의 못 쓰고 있어요. 생각보다 제품 마감도 아쉽네요.,블랙,14,2026-05-26
R00179,P00078,2구 인덕션 레인지,2,소음이 너무 심해요,작동할 때마다 팬 소리가 너무 커서 신경 쓰여요. 배송은 빨랐는데 제품 자체는 좀 실망입니다.,블랙,8,2026-04-07
R00180,P00078,2구 인덕션 레인지,1,불량품인가요?,코드를 꽂자마자 전원이 안 들어와요. 색상은 예쁜데 아예 작동이 안 되니 이걸 어쩌죠.,블랙,14,2026-01-15
R00181,P00078,2구 인덕션 레인지,3,무난하게 쓸만해요,"가격 대비 크게 나쁘진 않은데, 화력이 좀 들쭉날쭉할 때가 있어요. 일반적인 사용에는 문제없습니다.",블랙,0,2026-03-14
R00182,P00078,2구 인덕션 레인지,2,인덕션 인식률이 떨어져요,집에 있는 냄비 절반 정도만 인식되고 안 되는 게 많아요. 쓰던 냄비 대부분을 못 쓰게 되니 불편하네요.,화이트,14,2026-03-11
R00183,P00078,2구 인덕션 레인지,5,대만족! 디자인 성능 다 잡았어요,"깔끔한 화이트 색상이 주방이랑 너무 잘 어울리고, 화력도 강력해서 요리 시간이 확 줄었어요. 정말 돈이 아깝지 않습니다.",블랙,14,2026-03-30
R00184,P00078,2구 인덕션 레인지,5,배송도 빠르고 제품도 최고네요,주문하고 다음날 바로 받았어요. 2구 모두 화력이 좋고 조작도 간단해서 정말 편리합니다.,화이트,14,2026-04-27
R00185,P00078,2구 인덕션 레인지,5,드디어 찾던 인덕션!,여러 제품 비교하다 샀는데 대성공입니다. 세척도 쉽고 안전 기능도 잘 되어있어 안심하고 쓰고 있어요.,화이트,0,2026-01-12
R00186,P00078,2구 인덕션 레인지,3,보통입니다,딱히 큰 문제 없이 잘 쓰고 있어요. 특별히 뛰어나지도 아주 나쁘지도 않은 평범한 인덕션입니다.,화이트,3,2026-02-20
R00187,P00078,2구 인덕션 레인지,3,가끔 불편하지만 괜찮아요,"가열 속도가 아주 빠르진 않지만, 소음은 적은 편이라 그럭저럭 만족하며 사용 중입니다. 사이즈는 딱 적당해요.",블랙,14,2026-04-20
R00188,P00078,2구 인덕션 레인지,3,가격 생각하면 괜찮아요,"고가 모델만큼은 아니지만, 이 가격에 이 정도면 무난하게 쓸만합니다. 블랙 색상이라 관리가 편하네요.",블랙,5,2026-04-04
R00189,P00078,2구 인덕션 레인지,5,주방이 환해졌어요! 강추합니다,세련된 디자인에 강력한 화력까지 완벽합니다. 배송도 꼼꼼하게 와서 파손 없이 잘 받았습니다.,블랙,2,2026-01-11
R00190,P00078,2구 인덕션 레인지,5,완전 좋아요! 요리할 맛 나네요,전반적으로 너무 만족스러워요. 특히 온도를 세밀하게 조절할 수 있어서 요리가 훨씬 쉬워졌습니다.,화이트,8,2026-04-23
R00191,P00047,다용도 부직포 수납박스 3종,3,그냥저냥 쓸만해요,"생각했던 것보다 재질이 좀 얇아서 걱정했는데, 가벼운 물건들 넣기에는 괜찮네요. 배송은 빨랐어요.",아이보리,5,2026-03-22
R00192,P00047,다용도 부직포 수납박스 3종,5,드레스룸 정리 끝판왕!,옷 정리하기 딱 좋은 사이즈에 그레이 색상도 너무 예뻐요. 방이 깔끔해져서 정말 만족합니다.,그레이,2,2026-06-05
R00193,P00047,다용도 부직포 수납박스 3종,3,가격 생각하면 나쁘지 않아요,"세 개 세트 가격이 저렴해서 기대는 안했지만, 확실히 엄청 튼튼한 느낌은 아니네요. 작은 소품들 정리하기에 무난합니다.",그레이,0,2026-06-06
R00194,P00047,다용도 부직포 수납박스 3종,5,아이들 장난감 정리용으로 최고!,거실에 널부러진 아이들 장난감들 이 박스에 넣으니 정말 깔끔해졌어요. 부직포라 안전하고 가벼워서 좋네요.,그레이,14,2026-05-07
R00195,P00047,다용도 부직포 수납박스 3종,3,사이즈는 좋은데 마감이 아쉬워요,수납력은 괜찮은데 몇몇 박스는 마감 부분이 살짝 실밥이 튀어나와 있어서 아쉬웠어요. 그래도 안 보이는 곳에 둘 거라 괜찮습니다.,아이보리,0,2026-04-27
R00196,P00047,다용도 부직포 수납박스 3종,4,생각보다 넉넉하고 깔끔해요,옷장에 자잘한 것들 정리하려고 샀는데 생각보다 깊이도 있고 깔끔하게 잘 들어가네요. 배송도 빠르고 상품도 대체로 만족합니다.,그레이,0,2026-04-06
R00197,P00047,다용도 부직포 수납박스 3종,5,정말 필요한 물건이었어요!,여기저기 흩어져 있던 잡동사니들을 한 번에 정리할 수 있어서 정말 속 시원해요. 디자인도 심플해서 어디에 둬도 잘 어울립니다.,그레이,0,2026-06-06
R00198,P00047,다용도 부직포 수납박스 3종,3,무난하게 사용하기 좋아요,딱히 흠잡을 곳도 엄청 칭찬할 곳도 없는 평범한 수납박스예요. 저렴한 가격에 막 쓰기 좋습니다.,아이보리,0,2026-04-26
R00199,P00047,다용도 부직포 수납박스 3종,5,재구매 의사 100%입니다!,깔끔한 디자인에 튼튼하기까지 해서 정말 마음에 들어요. 안방에 두고 사용하는데 다음에 또 필요하면 여기서 살 거예요.,그레이,1,2026-05-27
R00200,P00047,다용도 부직포 수납박스 3종,3,기대한 만큼은 아니지만...,"사진으로는 꽤 탄탄해 보였는데, 실제로 받아보니 흐물거리는 감이 좀 있네요. 그래도 가성비는 괜찮은 편인 것 같아요.",아이보리,2,2026-03-12
R00201,P00047,다용도 부직포 수납박스 3종,5,좁은 공간 활용에 딱이에요!,좁은 방에 수납공간이 부족했는데 이 박스 덕분에 훨씬 효율적으로 공간을 활용하게 되었어요. 색상도 모던해서 인테리어 효과도 있네요.,그레이,5,2026-05-12
R00202,P00047,다용도 부직포 수납박스 3종,5,배송도 빠르고 품질도 좋아요!,주문하고 다음날 바로 도착해서 놀랐어요. 부직포인데도 꽤 견고하고 흐트러짐 없이 모양을 잘 잡아줍니다.,아이보리,0,2026-05-26
R00203,P00047,다용도 부직포 수납박스 3종,5,드디어 옷장이 깔끔해졌어요!,늘 어수선했던 옷장 서랍이 이 수납박스 덕분에 정리의 신세계가 열렸네요. 다른 사이즈도 구매할까 고민 중이에요.,아이보리,0,2026-02-16
R00204,P00047,다용도 부직포 수납박스 3종,5,여러모로 쓸모가 많네요,"계절 옷 정리부터 아이들 책 수납까지, 정말 다양한 용도로 잘 쓰고 있어요. 여러 개 사서 두니 통일감도 있고 보기 좋아요.",아이보리,0,2026-05-30
R00205,P00001,베이직 라운드넥 반팔티,5,베이직템으로 최고!,딱 찾던 기본 반팔티에요. 재질도 부드럽고 몸에 착 감기는 핏이 정말 마음에 듭니다. 다른 색상도 추가 구매하려구요!,네이비/XL,3,2026-05-18
R00206,P00001,베이직 라운드넥 반팔티,3,그냥저냥 입을만해요.,"무난하게 입기 좋은데, 생각보다 재질이 얇아서 화이트 색상은 비침이 좀 있네요. 이너로 입으면 괜찮을 것 같아요.",블랙/L,1,2026-01-30
R00207,P00001,베이직 라운드넥 반팔티,3,가격대비 평범해요.,"막 좋다고는 못하겠지만, 이 가격에 딱히 흠잡을 곳은 없는 것 같아요. 베이직템이니 그냥 입으려구요.",화이트/S,0,2026-05-18
R00208,P00001,베이직 라운드넥 반팔티,3,핏이 애매하네요.,제가 생각했던 핏이랑은 조금 다르네요. 루즈핏도 아니고 너무 딱 붙지도 않아서 좀 어중간해요.,화이트/XL,0,2026-02-15
R00209,P00001,베이직 라운드넥 반팔티,5,데일리템으로 최고!,"화이트랑 블랙 두 개 샀는데, 매일 손이 가는 옷이에요. 여러 번 세탁했는데도 변형 없이 탄탄해서 만족합니다.",화이트/L,0,2026-06-08
R00210,P00001,베이직 라운드넥 반팔티,3,배송이 좀 느렸어요.,"옷 자체는 나쁘지 않은데, 주문하고 일주일 넘게 걸려서 받았네요. 급하게 필요하신 분들은 고려하셔야 할 것 같아요.",블랙/M,14,2026-02-22
R00211,P00001,베이직 라운드넥 반팔티,5,퀄리티 좋은 기본티!,목 늘어짐 걱정 없이 짱짱하고 원단도 부드러워서 착용감이 좋아요. 이 가격에 이 정도 퀄리티면 정말 가성비 최고네요!,화이트/M,2,2026-03-12
R00212,P00001,베이직 라운드넥 반팔티,4,만족해요!,"무난하게 데일리로 입기 좋아요. 완전 대만족은 아니지만, 이 정도면 가격 대비 괜찮은 것 같아요.",네이비/XL,0,2026-02-21
R00213,P00072,알러지케어 매트리스 커버 Q,1,"최악의 품질, 돈 아깝네요","처음 받았을 때부터 실밥이 여기저기 풀려있더니, 세탁 한 번 하니 완전히 망가졌어요. 퀸 사이즈인데 너무 작게 나와서 매트리스를 다 덮지도 못하고 먼지도 더 붙는 느낌입니다.",화이트/Q,0,2026-03-09
R00214,P00072,알러지케어 매트리스 커버 Q,3,그냥저냥 쓸만해요,"퀸 사이즈 구매했는데 딱 맞아요. 색상은 화면이랑 좀 다르게 탁한 베이지라 아쉽네요. 알러지 케어 기능은 아직 잘 모르겠지만, 매트리스 보호용으로는 괜찮습니다.",화이트/K,0,2026-06-06
R00215,P00072,알러지케어 매트리스 커버 Q,3,나쁘진 않지만 뭔가 아쉬워요,"배송은 빨랐는데, 포장이 좀 허술했어요. 촉감은 부드러운데 생각보다 얇아서 내구성이 걱정되네요. 그래도 알러지 케어 기능이 있다고 해서 아이 방에 씌웠어요.",화이트/Q,5,2026-05-24
R00216,P00072,알러지케어 매트리스 커버 Q,4,만족스러운 구매입니다!,"퀸 사이즈에 아주 잘 맞고, 색상도 깔끔한 화이트라 침실이 화사해졌어요. 배송도 빠르고, 알러지 때문에 고생했는데 사용 후 확실히 좀 나아진 것 같아 만족합니다.",그레이/K,1,2026-01-31
R00217,P00072,알러지케어 매트리스 커버 Q,3,보통입니다. 기대가 너무 컸나봐요.,알러지 케어 효과는 크게 체감 못하고 있어요. 그레이 색상 구매했는데 무난합니다. 가격 대비 아주 좋다고는 못하겠네요.,화이트/Q,3,2026-06-01
R00218,P00072,알러지케어 매트리스 커버 Q,3,무난하게 사용 중이에요,퀸 사이즈인데 모서리 밴딩이 좀 짱짱해서 씌우기 힘들었어요. 방수 기능은 아니지만 그래도 매트리스를 보호해주는 것 같아 안심돼요. 한 달 정도 사용했는데 특별한 불만은 없어요.,그레이/Q,0,2026-01-14
R00219,P00072,알러지케어 매트리스 커버 Q,4,깔끔하고 좋아요!,"배송이 정말 빨랐고, 받아보니 품질도 생각보다 훨씬 좋네요. 라이트 그레이 색상도 침실에 잘 어울리고, 알러지 케어 기능도 믿음이 갑니다.",화이트/Q,8,2026-01-20
R00220,P00072,알러지케어 매트리스 커버 Q,2,기대 이하였습니다.,퀸 사이즈인데 너무 넉넉하게 나와서 매트리스에 딱 맞지 않고 붕 뜨네요. 먼지가 생각보다 많이 붙어서 알러지 케어 제품인지 의문이 듭니다. 실망스러운 구매였어요.,화이트/Q,2,2026-04-24
R00221,P00052,무선 미니 핸디 청소기,4,작지만 쓸만해요!,"생각보다 흡입력이 아주 강하진 않지만, 간단하게 책상 위나 차량 청소하기에 정말 좋아요. 사이즈가 작아서 보관도 편하고 디자인도 깔끔합니다.",블랙,2,2026-03-04
R00222,P00052,무선 미니 핸디 청소기,5,역대급 미니 청소기!,기대 이상으로 흡입력이 좋아서 놀랐어요. 작은 부스러기나 먼지 제거에 최고입니다. 블랙 색상도 고급스럽고 배송도 빨랐어요!,화이트,14,2026-05-15
R00223,P00052,무선 미니 핸디 청소기,5,완벽한 서브 청소기!,"주로 사용하는 청소기가 있는데, 이건 보조용으로 딱이에요. 특히 키보드 틈새나 창틀 청소할 때 정말 유용합니다. 건전지 대신 충전식이라 더 편해요.",블랙,14,2026-05-16
R00224,P00052,무선 미니 핸디 청소기,4,휴대성 최고!,정말 가볍고 작아서 어디든 가지고 다니기 편해요. 차량이나 캠핑 갈 때 요긴하게 쓸 것 같아요. 흡입력이 아주 강력하진 않아도 일반적인 먼지 청소엔 충분합니다.,블랙,5,2026-04-03
R00225,P00052,무선 미니 핸디 청소기,2,생각보다 별로예요..,"광고처럼 흡입력이 좋지 않네요. 작은 먼지는 그럭저럭 빨아들이지만, 조금만 큰 부스러기는 잘 안 빨려요. 충전도 좀 느린 것 같습니다.",블랙,2,2026-03-15
R00226,P00052,무선 미니 핸디 청소기,1,이건 너무하네요.,받고 나서 한 번 써보니 바로 고장 났어요. 흡입력도 약한데 작동까지 안 되니 돈이 아깝습니다. 반품 신청해야겠어요.,블랙,8,2026-04-25
R00227,P00052,무선 미니 핸디 청소기,5,우리 집 필수템 등극!,"아이들 간식 부스러기 때문에 매번 큰 청소기 꺼내기 번거로웠는데, 이젠 이걸로 쓱싹 해결돼요. 화이트 색상도 예쁘고 인테리어 해치지 않아서 좋아요.",블랙,2,2026-03-29
R00228,P00052,무선 미니 핸디 청소기,3,그냥저냥 쓸만해요.,"딱 가격만큼 하는 것 같아요. 아주 만족스럽진 않지만, 급할 때나 간단한 청소용으로는 괜찮습니다. 소음이 좀 있는 편이네요.",화이트,0,2026-03-31
R00229,P00052,무선 미니 핸디 청소기,3,장단점이 확실하네요.,"디자인은 예쁘고 가벼워서 좋은데, 배터리 지속 시간이 짧고 흡입구 부분이 좀 작아서 큰 쓰레기는 어려워요. 주로 머리카락이나 작은 먼지 청소에 씁니다.",화이트,8,2026-05-04
R00230,P00052,무선 미니 핸디 청소기,5,선물용으로도 최고!,친구 집들이 선물로 줬는데 너무 좋아하네요. 특히 반려동물 키우는 집이나 자취생에게 딱인 것 같아요. 저도 하나 더 구매하려고요!,블랙,3,2026-03-17
R00231,P00052,무선 미니 핸디 청소기,3,쏘쏘한 미니 청소기.,"무선이라 편하긴 한데, 생각보다 먼지 통이 작아서 자주 비워줘야 하고, 필터 청소도 좀 번거롭네요. 그래도 급할 때 잘 쓰고 있습니다.",블랙,5,2026-02-21
R00232,P00052,무선 미니 핸디 청소기,5,강추합니다!,작은데 흡입력이 진짜 강력해요. 차량 내부나 컴퓨터 책상 청소에 이만한 게 없네요. 디자인도 세련되고 그레이 색상도 마음에 듭니다.,화이트,3,2026-02-26
R00233,P00032,실리콘 주방도구 7종 세트,3,쓸만하긴 한데...,"실리콘이라 코팅 냄비에 좋은 건 맞는데, 생각보다 좀 작고 얇은 감이 있어요. 색상은 예뻐서 주방에 놓으니 보기 좋아요.",단일,5,2026-02-27
R00234,P00032,실리콘 주방도구 7종 세트,4,가성비 괜찮아요,배송 빠르고 세트 구성이 알차서 좋아요. 아직 다 써보진 않았지만 이 가격에 이 정도 품질이면 만족합니다.,단일,14,2026-06-07
R00235,P00032,실리콘 주방도구 7종 세트,3,몇몇 도구는 아쉬워요,"전체적으로 나쁘지 않지만, 국자나 뒤집개는 손잡이가 짧고 실리콘 부분이 좀 흐물거리는 느낌이 있어요. 주걱은 괜찮습니다.",단일,5,2026-05-18
R00236,P00032,실리콘 주방도구 7종 세트,5,완벽한 구성!,"주방 도구 바꿀 때가 돼서 찾던 중 발견했는데, 필요한 7가지가 다 있어서 너무 만족스러워요. 색감도 고급지고 주방이 환해졌습니다.",단일,0,2026-02-22
R00237,P00032,실리콘 주방도구 7종 세트,5,드디어 찾던 제품!,냄비 긁힘 걱정 없이 요리할 수 있어서 정말 좋아요. 열에도 강하고 세척도 편해서 매일 손이 가는 효자템이네요.,단일,0,2026-02-26
R00238,P00032,실리콘 주방도구 7종 세트,5,선물용으로도 최고!,신혼부부 집들이 선물로 줬는데 실용성도 좋고 디자인도 예쁘다고 칭찬받았어요. 저도 하나 더 구매할까 해요.,단일,8,2026-03-15
R00239,P00032,실리콘 주방도구 7종 세트,5,냄비 코팅 지킴이!,"비싼 냄비 코팅 벗겨질까 걱정 많았는데, 이 실리콘 도구 덕분에 마음 편히 요리하고 있어요. 마감도 깔끔해서 만족스럽습니다.",단일,8,2026-03-26
R00240,P00032,실리콘 주방도구 7종 세트,5,왜 이제 샀을까요?,매번 플라스틱이나 스텐 도구 쓰다가 이걸로 바꾸니 신세계네요. 뜨거운 음식에도 안심이고 손잡이 그립감도 좋아요.,단일,5,2026-03-04
R00241,P00032,실리콘 주방도구 7종 세트,5,깔끔하고 위생적이에요,음식물이 잘 끼지 않고 세척 후에도 냄새가 잘 배지 않아서 위생적으로 쓸 수 있어요. 주방 분위기도 밝아졌네요.,단일,1,2026-05-06
R00242,P00032,실리콘 주방도구 7종 세트,4,대체적으로 만족합니다,"색상이 화면이랑 똑같고 배송도 빨라서 좋았습니다. 다만, 집게가 살짝 뻑뻑한 감이 있어서 별 하나 뺐습니다.",단일,1,2026-02-11
R00243,P00032,실리콘 주방도구 7종 세트,4,구성 좋고 활용도 높아요,"다양한 도구가 있어서 요리할 때 정말 유용하게 쓰고 있어요. 사이즈가 기대했던 것보다 약간 작은 느낌은 있지만, 사용에 불편함은 없습니다.",단일,2,2026-01-13
R00244,P00006,고밀도 코튼 셔츠,3,무난해요,베이직한 디자인이라 여러모로 입기 좋아요. 다만 생각보다 구김이 좀 가서 관리가 필요하네요.,라벤더/L,14,2026-01-14
R00245,P00006,고밀도 코튼 셔츠,3,보통입니다,코튼이라 편안하고 색상도 화면과 거의 같아요. 두께가 생각보다 얇아서 한겨울엔 어려울 것 같아요.,블랙/XL,5,2026-01-16
R00246,P00006,고밀도 코튼 셔츠,5,정말 만족해요!,고밀도 코튼이라 그런지 소재가 정말 탄탄하고 고급스러워요. 오버핏인데 부해 보이지 않고 여리여리해서 너무 마음에 들어요.,라벤더/S,5,2026-06-02
R00247,P00006,고밀도 코튼 셔츠,5,인생 셔츠 등극!,받자마자 입어보고 너무 예뻐서 깜짝 놀랐어요. 핏도 완벽하고 세탁 후에도 변형 없이 좋아서 색깔별로 더 구매할 예정입니다.,베이지/S,0,2026-04-29
R00248,P00006,고밀도 코튼 셔츠,3,장단점이 있어요,"배송은 빨랐는데, 팔기장이 저한테는 좀 길었어요. 그래도 디자인은 예쁘고 여기저기 활용하기 좋아요.",베이지/L,8,2026-02-25
R00249,P00006,고밀도 코튼 셔츠,5,기대 이상이에요!,비침 걱정했는데 전혀 없고 소재가 부드러워서 착용감도 좋아요. 회사 갈 때나 캐주얼하게 입기 다 좋아서 매일 손이 가네요.,베이지/L,8,2026-03-12
R00250,P00006,고밀도 코튼 셔츠,5,퀄리티 최고!,"가격 대비 너무 좋은 퀄리티입니다. 꼼꼼한 박음질에 디자인도 군더더기 없고, 화이트 색상인데도 비침이 거의 없어서 좋아요.",베이지/L,3,2026-02-26
R00251,P00006,고밀도 코튼 셔츠,5,재구매 의사 100%,고밀도 코튼이라 탄탄한데 착용감은 정말 부드러워서 놀랐어요. 다른 색상으로 재구매하러 왔습니다!,네이비/XL,0,2026-03-09
R00252,P00006,고밀도 코튼 셔츠,4,괜찮은 셔츠에요,전체적으로 만족스러운데 소매 부분 마감이 아주 살짝 아쉬워요. 그래도 핏이랑 소재는 마음에 듭니다.,네이비/S,14,2026-03-18
R00253,P00006,고밀도 코튼 셔츠,4,예뻐요!,아이보리 색상 구매했는데 너무 누렇지 않고 딱 예쁜 색상이에요. 생각보다 살짝 얇아서 한여름 빼고 잘 입을 수 있을 것 같아요.,라벤더/S,5,2026-03-03
R00254,P00006,고밀도 코튼 셔츠,3,평범해요,핏은 모델처럼 예쁜데 생각보다 먼지가 잘 붙는 소재 같아요. 그래도 베이직해서 잘 입을 것 같네요.,라벤더/XL,8,2026-04-13
R00255,P00006,고밀도 코튼 셔츠,3,그냥저냥..,"깔끔한 디자인은 마음에 드는데, 옷에서 약간 냄새가 나요. 세탁하면 괜찮아질지 모르겠네요.",화이트/M,14,2026-01-30
R00256,P00006,고밀도 코튼 셔츠,2,좀 실망했어요,받아보니 생각했던 고밀도 코튼 느낌이 아니고 좀 뻣뻣하네요. 소매 단추도 헐겁고 전체적으로 기대 이하였습니다.,베이지/S,0,2026-04-16
R00257,P00051,1초 완속 충전 멀티탭 6구,5,충전 속도 대박! 멀티탭 혁명입니다,"진짜 1초 완속 충전이라는 말이 과장이 아니네요. 6구라서 여러 기기 동시에 연결해도 안정적이고, 디자인도 깔끔해서 인테리어를 해치지 않아요. 드디어 인생 멀티탭 찾았습니다!",화이트,14,2026-03-02
R00258,P00051,1초 완속 충전 멀티탭 6구,4,기대 이상으로 편리해요,"충전 속도 빠르고 6구라서 편해요. 다만, 플러그 간 간격이 살짝 좁아서 어댑터 큰 건 옆 칸을 가리는 경우가 있네요. 그래도 전반적으로 만족합니다.",화이트,1,2026-02-05
R00259,P00051,1초 완속 충전 멀티탭 6구,2,1초 완속은 어디에...?,광고처럼 1초 완속 충전은 전혀 안 되네요. 일반 멀티탭이랑 속도 차이를 못 느끼겠어요. 기대가 너무 컸는지 실망스럽습니다.,화이트,5,2026-01-16
R00260,P00051,1초 완속 충전 멀티탭 6구,2,생각보다 부피가 크네요,"제품 자체는 튼튼해 보이지만, 생각보다 가로 길이가 길어서 설치할 공간이 애매했어요. 기능도 평범하고 딱히 특별함을 못 느꼈네요.",블랙,1,2026-03-10
R00261,P00051,1초 완속 충전 멀티탭 6구,1,고장난 제품을 보내주셨네요,받자마자 연결해봤는데 6구 중 3구가 작동을 안 합니다. 불량품을 보내주다니 너무 황당하네요. 바로 환불 신청했습니다.,화이트,8,2026-02-15
R00262,P00051,1초 완속 충전 멀티탭 6구,1,선이 너무 짧고 발열 심해요,전원 코드 길이가 너무 짧아서 원하는 위치에 두기 어렵네요. 충전 중에 멀티탭에서 열도 많이 나서 불안합니다. 돈 아깝다는 생각밖에 안 드네요.,화이트,14,2026-02-01
R00263,P00051,1초 완속 충전 멀티탭 6구,2,저렴한 티가 나요,전체적으로 플라스틱 재질이 너무 가볍고 저렴해 보여요. 몇 번 사용하니 콘센트 꽂는 부분이 헐거워지는 느낌입니다. 내구성이 걱정되네요.,블랙,2,2026-02-09
R00264,P00051,1초 완속 충전 멀티탭 6구,2,특정 기기는 충전이 느려요,"스마트폰은 그럭저럭 괜찮은데, 태블릿이나 노트북 같은 전력 소모가 큰 기기는 충전 속도가 많이 느립니다. 1초 완속이라는 문구가 무색하네요.",화이트,8,2026-03-17
R00265,P00051,1초 완속 충전 멀티탭 6구,5,안전하고 똑똑한 멀티탭!,"개별 전원 스위치가 있어서 안전하게 사용할 수 있고, 과부하 보호 기능까지 있어서 안심하고 쓰고 있어요. 깔끔한 흰색이라 어떤 공간에도 잘 어울립니다. 최고예요!",화이트,14,2026-05-24
R00266,P00038,무타공 스테인리스 선반 2단,2,설치가 어렵고 생각보다 약해요,접착력이 너무 약해서 몇 번 떨어졌어요. 스테인리스 재질은 괜찮은데 고정이 불안해서 실망입니다.,그레이,0,2026-04-13
R00267,P00038,무타공 스테인리스 선반 2단,5,욕실이 깔끔해졌어요! 최고,무타공이라 벽 손상 걱정 없이 설치했어요. 2단이라 수납도 넉넉하고 스테인리스라 물기에도 강해서 정말 만족합니다.,그레이,3,2026-02-27
R00268,P00038,무타공 스테인리스 선반 2단,5,기대 이상이에요! 튼튼하고 예뻐요,설치도 쉽고 정말 튼튼하게 잘 붙어있어요. 디자인도 깔끔해서 욕실 분위기가 훨씬 좋아졌습니다. 배송도 빨랐어요.,화이트,5,2026-05-05
R00269,P00038,무타공 스테인리스 선반 2단,2,접착력 문제인 것 같아요,처음엔 잘 붙는가 싶더니 며칠 안 가서 떨어졌어요. 물건을 많이 올린 것도 아닌데 자꾸 떨어져서 다시 사야 할 것 같아요.,그레이,2,2026-05-21
R00270,P00038,무타공 스테인리스 선반 2단,5,고민은 배송만 늦출 뿐! 꼭 사세요,"진짜 후회 없는 선택입니다! 샴푸, 린스 등 욕실 용품들 정리하기 딱 좋아요. 스테인리스 광택도 좋고 마감도 깔끔해서 대만족이에요.",화이트,14,2026-04-01
R00271,P00038,무타공 스테인리스 선반 2단,5,선물했는데 다들 만족해요!,엄마랑 친구한테 선물했는데 모두 만족하네요. 설치가 간편하고 물때 걱정 없는 재질이라 좋다고 합니다. 가성비도 최고예요!,그레이,8,2026-02-17
R00272,P00038,무타공 스테인리스 선반 2단,1,돈 아까워요. 최악입니다.,설명서대로 했는데도 벽에 제대로 붙질 않아요. 결국 다 떨어지고 선반은 찌그러졌습니다. 완전히 돈 낭비했어요.,화이트,0,2026-04-12
R00273,P00038,무타공 스테인리스 선반 2단,5,완벽한 욕실 정리 솔루션!,"지저분했던 욕실 용품들이 한 번에 정리됐어요. 스테인리스라 녹슬 걱정 없고, 2단이라 수납력도 짱입니다. 강력 추천해요!",그레이,3,2026-02-17
R00274,P00038,무타공 스테인리스 선반 2단,3,나쁘지 않은데 접착 부분이 아쉬워요,디자인이나 크기는 적당해서 괜찮아요. 다만 접착제가 좀 더 강력했으면 하는 바람이 있습니다. 일단은 잘 붙어있네요.,그레이,0,2026-01-11
R00275,P00005,크롭 후드집업,2,기대 이하였어요...,생각보다 재질이 너무 얇고 흐물거려서 실망했습니다. 크롭 기장도 너무 짧아 민망할 정도네요.,블랙/M,2,2026-05-24
R00276,P00005,크롭 후드집업,1,최악의 구매 경험,"블랙으로 시켰는데 색상이 바래 보이고, 후드 부분 마감이 엉망입니다. 하루 입었더니 벌써 보풀이 올라오네요. 이건 반품감이에요.",블랙/XL,14,2026-05-20
R00277,P00005,크롭 후드집업,5,핏 미쳤어요! 너무 만족합니다!,아이보리 색상 구매했는데 정말 예뻐요. 크롭 기장도 딱 적당하고 핏이 정말 예술입니다. 데일리로 매일 입고 있어요.,화이트/S,1,2026-01-18
R00278,P00005,크롭 후드집업,3,그냥저냥 무난해요,"배송은 빨랐지만, 기대했던 것보다 원단이 평범해서 조금 아쉬웠습니다. 지퍼가 뻑뻑한 감이 있고, 가격 대비 보통인 것 같아요.",화이트/M,3,2026-02-26
R00279,P00005,크롭 후드집업,5,인생 후드집업 찾았어요!,핑크색상 정말 사랑스러워요! 여리여리한 핏에 크롭 기장이라 다리도 길어 보이고 너무 만족스럽습니다. 세탁 후에도 변형 없어서 더 좋아요.,화이트/XL,3,2026-02-02
R00280,P00005,크롭 후드집업,3,무난하게 입기 좋아요,"그레이색상 구매했는데 무난하게 잘 입고 있어요. 엄청 특별하진 않지만 가볍게 걸치기 좋고, 생각보다 따뜻하네요.",화이트/S,1,2026-02-26
R00281,P00005,크롭 후드집업,2,사이즈가 너무 애매해요,"원사이즈라고 해서 구매했는데, 어깨 부분이 너무 좁고 팔 길이도 어중간해요. 후드도 작아서 쓰면 머리가 다 튀어나오네요.",화이트/L,5,2026-03-11
R00282,P00005,크롭 후드집업,3,생각했던 색상이 아니네요,"베이지색으로 구매했는데, 화면보다 훨씬 노란빛이 강해서 실망했습니다. 그래도 편하게 입기는 괜찮아서 그냥 입으려고요.",화이트/M,5,2026-01-18
R00283,P00037,항균 코일 샤워호스,3,무난하게 쓸만해요,"기존에 쓰던 호스가 너무 오래돼서 바꿨는데, 특별히 좋지도 나쁘지도 않은 것 같아요. 코일 부분이 생각보다 조금 뻑뻑한 감이 있네요.",화이트,0,2026-03-16
R00284,P00037,항균 코일 샤워호스,5,대만족! 항균이라 더 좋아요.,"녹물 때문에 고민이 많았는데, 항균 기능도 있고 디자인도 깔끔해서 너무 마음에 듭니다. 설치도 어렵지 않았고, 샤워할 때마다 기분 좋아요!",그레이,14,2026-02-05
R00285,P00037,항균 코일 샤워호스,5,부드럽고 튼튼해요!,"샤워호스 바꾸고 싶었는데, 승승장구몰에서 좋은 제품 찾았네요. 호스가 꼬이지 않고 부드럽게 잘 늘어나서 사용하기 정말 편하고, 오래 쓸 것 같아요. 배송도 빨랐어요.",그레이,0,2026-05-16
R00286,P00037,항균 코일 샤워호스,3,그냥저냥 쓸만해요.,"기대했던 것보다는 코일이 좀 얇은 느낌이에요. 물샘은 없어서 다행인데, 내구성은 좀 더 써봐야 알 것 같습니다.",화이트,2,2026-06-01
R00287,P00037,항균 코일 샤워호스,4,설치 쉽고 괜찮네요.,"기존 호스가 너무 짧아서 긴 걸로 바꿨는데, 길이도 넉넉하고 설치도 간편했어요. 색상도 욕실에 잘 어울려서 만족합니다.",화이트,2,2026-02-14
R00288,P00037,항균 코일 샤워호스,5,드디어 찾던 제품! 최고예요!,"전에 쓰던 호스는 자꾸 꼬이고 녹슬었는데, 이 제품은 항균에 꼬임도 적고 아주 깔끔합니다. 샤워기 헤드와 연결도 딱 맞아서 불편함 없이 잘 쓰고 있어요.",화이트,8,2026-03-12
R00289,P00037,항균 코일 샤워호스,2,좀 실망했어요...,"배송은 빨랐는데, 코일 마감이 생각보다 별로네요. 샤워기 헤드랑 연결하는 부분이 살짝 헐거워서 물이 새는 문제가 있어요.",화이트,2,2026-03-18
R00290,P00037,항균 코일 샤워호스,4,가격 대비 만족합니다.,"저렴한 가격에 항균 샤워호스를 구매해서 좋네요. 물줄기도 시원하게 잘 나오고, 특별한 단점 없이 잘 쓰고 있습니다.",화이트,8,2026-01-18
R00291,P00018,와이드 데님 팬츠,5,인생 와이드팬츠!,"기대 이상으로 핏이 너무 예쁘게 떨어져요. 데일리로 입기 딱 좋고, 다른 색상도 구매하고 싶어요!",베이지/32,2,2026-02-26
R00292,P00018,와이드 데님 팬츠,5,완전 만족합니다!,배송도 빠르고 제품 퀄리티가 정말 좋아요. 색상도 화면이랑 똑같고 사이즈도 정사이즈라 딱 맞네요.,인디고/30,0,2026-06-05
R00293,P00018,와이드 데님 팬츠,5,"핏, 색상 다 완벽!",와이드핏인데 부해 보이지 않고 다리도 길어 보여요. 중청 색상 시켰는데 어떤 상의에도 잘 어울립니다.,베이지/32,0,2026-04-10
R00294,P00018,와이드 데님 팬츠,5,강력 추천합니다!,원단이 너무 두껍지도 얇지도 않아 사계절 내내 입을 수 있겠어요. 허리도 편하고 착용감이 아주 좋습니다.,베이지/34,2,2026-03-29
R00295,P00018,와이드 데님 팬츠,5,사진이랑 똑같아요!,모델 착용샷 보고 반해서 샀는데 실물이 더 예쁩니다. 길이감도 적당하고 스타일리시해요.,베이지/36,14,2026-05-11
R00296,P00018,와이드 데님 팬츠,5,재구매 의사 200%,이 가격에 이 퀄리티는 정말 말이 안 돼요. 여러 벌 쟁여두고 싶을 정도로 마음에 쏙 듭니다.,인디고/30,0,2026-03-19
R00297,P00018,와이드 데님 팬츠,4,괜찮아요~,"전체적으로 만족하는데, 생각했던 것보다 기장이 살짝 길어서 수선해야 할 것 같아요. 그래도 핏은 예쁩니다.",인디고/32,0,2026-02-23
R00298,P00018,와이드 데님 팬츠,3,쏘쏘한데 좀 아쉬워요,"색상이나 핏은 무난한데, 원단이 생각보다 좀 뻣뻣하네요. 몇 번 세탁하면 괜찮아지려나요?",인디고/36,5,2026-02-03
R00299,P00018,와이드 데님 팬츠,5,데일리룩 완성템!,어떤 상의와도 찰떡같이 어울려서 코디 걱정이 없어요. 요즘 매일 이것만 입고 다니는 것 같습니다.,인디고/36,0,2026-05-24
R00300,P00018,와이드 데님 팬츠,5,진짜 편하고 멋스러워요,"와이드 데님이라 활동하기 정말 편하고, 캐주얼하면서도 꾸민 듯한 느낌을 줘서 좋아요. 주변에서도 예쁘다고 하네요.",인디고/34,0,2026-05-22
R00301,P00018,와이드 데님 팬츠,5,착한 가격에 대만족!,"솔직히 가격이 너무 저렴해서 큰 기대 안 했는데, 퀄리티가 백화점 브랜드 못지않아요. 가성비 최고입니다!",인디고/30,14,2026-03-06
R00302,P00018,와이드 데님 팬츠,3,무난합니다,"딱히 불만은 없는데, 사진보다는 평범한 느낌이에요. 너무 큰 기대는 안 하시는 게 좋을 것 같습니다.",베이지/34,2,2026-04-14
R00303,P00018,와이드 데님 팬츠,5,정말 잘 산 것 같아요!,기존에 있던 와이드 팬츠보다 훨씬 핏이 예뻐요. 키 작은 편인데도 길이감 조절 잘해서 입으니 괜찮습니다.,베이지/36,0,2026-02-09
R00304,P00018,와이드 데님 팬츠,5,인생템 등극!,어떤 체형에도 잘 어울릴 것 같은 와이드 데님입니다. 편안하면서도 스타일을 살려줘서 정말 만족스러워요!,인디고/30,1,2026-02-13
R00305,P00012,에어쿨 기능성 반팔티,5,한여름 필수템! 시원하고 배송 빨라요,너무 시원하고 가벼워서 여름 내내 입기 좋아요! 배송도 다음날 바로 와서 좋았습니다.,차콜/XL,0,2026-06-06
R00306,P00012,에어쿨 기능성 반팔티,5,"착용감 최고, 재질도 좋아요!",에어쿨 기능성이라는 이름답게 시원하고 땀이 금방 말라서 쾌적합니다. 핏도 적당히 여유 있어서 편해요.,차콜/L,3,2026-05-09
R00307,P00012,에어쿨 기능성 반팔티,5,운동할 때 최고! 통풍성 짱,헬스할 때 입으려고 샀는데 땀 흡수도 잘 되고 통풍이 잘 돼서 너무 만족스럽습니다. 여러장 더 구매할 예정이에요.,네이비/M,5,2026-02-21
R00308,P00012,에어쿨 기능성 반팔티,5,가성비 좋고 사이즈 딱이에요,가격도 저렴한데 기능성까지 좋아서 놀랐어요. 평소 입는 사이즈대로 시켰는데 아주 잘 맞습니다. 다른 색상도 추가 구매했어요.,화이트/M,2,2026-04-02
R00309,P00012,에어쿨 기능성 반팔티,4,"무난하게 좋아요, 배송은 빨랐어요",전체적으로 만족스러운 티셔츠입니다. 블랙 색상으로 샀는데 생각보다 핏이 아주 살짝 타이트한 느낌이 있지만 활동하는 데는 지장 없어요.,네이비/M,0,2026-02-24
R00310,P00012,에어쿨 기능성 반팔티,4,"땀 배출은 굿, 기대보다는 평범","땀 흡수와 배출은 확실히 잘 됩니다. 다만, 엄청 특별하게 느껴지는 부분은 없어서 별 하나 뺐습니다. 그래도 여름에 막 입기 좋아요.",블랙/L,1,2026-01-20
R00311,P00012,에어쿨 기능성 반팔티,5,이거 하나면 여름 끝! 너무 편해요,작년에 한 장 사보고 너무 좋아서 올해 추가로 세 장 더 구매했어요. 피부에 닿는 느낌이 부드럽고 땀 나도 축축하지 않아서 최고입니다!,화이트/L,2,2026-04-29
R00312,P00012,에어쿨 기능성 반팔티,4,기능은 좋지만 두께감이 좀 있어요,"에어쿨 기능은 확실히 체감되는데, 예상했던 것보다 원단이 살짝 두툼한 감이 있습니다. 그래도 땀이 금방 말라 시원하게 입고 있어요.",차콜/L,0,2026-02-06
R00313,P00048,서랍 정리 칸막이 세트,3,쓸만해요. 무난합니다.,"생각보다 견고함은 덜하지만, 서랍 정리하는 데는 큰 문제 없네요. 가격 대비 무난한 것 같아요.",아이보리,5,2026-02-02
R00314,P00048,서랍 정리 칸막이 세트,4,서랍이 깔끔해졌어요!,"옷장 서랍이 맨날 엉망이었는데, 칸막이 덕분에 드디어 정리가 되었어요. 조립도 쉽고 넉넉해서 좋아요.",그레이,2,2026-05-13
R00315,P00048,서랍 정리 칸막이 세트,1,너무 실망스러워요.,"배송은 빨랐는데, 플라스틱이 너무 얇고 마감이 별로예요. 조립하다가 부러질까 봐 조심스러웠네요.",아이보리,3,2026-05-22
R00316,P00048,서랍 정리 칸막이 세트,5,이거 왜 이제 샀을까요? 대만족!,"주방 서랍용으로 구매했는데, 칼이나 포크 정리하기 너무 좋아요. 서랍 열 때마다 뿌듯하네요. 추가 구매 의사 100%입니다!",그레이,1,2026-06-04
R00317,P00048,서랍 정리 칸막이 세트,5,최고예요! 튼튼하고 활용도 높아요.,"아이들 양말, 속옷 서랍이 난리였는데 이걸로 완벽하게 해결했어요. 사이즈 조절도 잘 되고 튼튼해서 오래 쓸 수 있을 것 같아요.",아이보리,3,2026-01-14
R00318,P00048,서랍 정리 칸막이 세트,3,나쁘지 않은데 아쉬워요.,"칸막이 자체는 괜찮은데, 서랍 깊이에 딱 맞지 않아서 좀 흔들리네요. 그래도 정리 효과는 있어서 그냥저냥 사용합니다.",그레이,14,2026-04-10
R00319,P00048,서랍 정리 칸막이 세트,4,드레스룸 서랍에 딱!,"드레스룸 서랍이 깊어서 옷이 자꾸 섞였는데, 칸막이로 공간 분리하니 찾기도 편하고 보기 좋아요. 생각보다 많이 들어갑니다.",그레이,1,2026-04-19
R00320,P00048,서랍 정리 칸막이 세트,5,삶의 질 향상템! 강력 추천!,작은 물건들이 굴러다니던 책상 서랍이 드디어 제자리를 찾았어요. 지저분한 서랍 때문에 스트레스받으시는 분들께 정말 강추합니다.,그레이,0,2026-02-28
R00321,P00048,서랍 정리 칸막이 세트,2,기대 이하였어요.,사진으로 봤을 때는 튼튼해 보였는데 실제로 받아보니 너무 저렴한 티가 나네요. 배송은 빨랐지만 제품 품질은 많이 아쉽습니다.,그레이,0,2026-04-14
R00322,P00048,서랍 정리 칸막이 세트,5,깔끔 그 자체! 신혼집 필수템!,"신혼집 주방 서랍 정리하려고 샀는데, 색상도 깔끔한 화이트라 너무 마음에 들어요. 주방도구들이 가지런히 정리돼서 요리할 맛 나네요!",아이보리,2,2026-03-29
R00323,P00059,경량 구스 다운 베스트,2,기대 이하였어요...,사이즈가 좀 작게 나온 것 같아요. 평소 입던 사이즈로 시켰는데 딱 맞다 못해 끼는 느낌이네요. 색상도 화면보다 탁해서 실망했습니다.,그레이/XL,3,2026-05-28
R00324,P00059,경량 구스 다운 베스트,5,진짜 가볍고 따뜻해요! 최고!,블랙 색상으로 구매했는데 코디하기도 좋고 정말 만족합니다. 가벼운데 보온성도 뛰어나서 간절기에 매일 입고 있어요. 재구매 의사 100%입니다!,그레이/L,2,2026-02-03
R00325,P00059,경량 구스 다운 베스트,3,무난하게 입기 좋아요.,가격 대비 품질은 나쁘지 않아요. 엄청 따뜻한 정도는 아니고 가을이나 초겨울에 적당할 것 같습니다. 털 빠짐이 아주 약간 있는데 거슬릴 정도는 아니네요.,그레이/XL,14,2026-04-18
R00326,P00059,경량 구스 다운 베스트,2,마감이 아쉬워요.,"다운 베스트가 필요해서 샀는데, 여기저기 실밥이 튀어나와 있고 지퍼 부분 마감이 깔끔하지 못하네요. 배송은 빨랐지만 제품 자체는 좀 실망스럽습니다.",그레이/2XL,2,2026-02-04
R00327,P00059,경량 구스 다운 베스트,5,정말 유용하게 입고 있습니다!,"생각했던 것보다 훨씬 더 가볍고 착용감이 좋아요. 얇은 코트 안에 입기 딱 좋고, 실내에서도 답답함 없이 입을 수 있어서 활용도가 높네요. 강력 추천합니다!",그레이/XL,1,2026-05-28
R00328,P00059,경량 구스 다운 베스트,3,핏은 괜찮은데...,핏은 슬림하게 잘 떨어져서 마음에 들어요. 그런데 구스 충전량이 살짝 아쉬운지 생각보다 보온성이 뛰어난 것 같진 않습니다. 딱 가격만큼 하는 것 같아요.,블랙/2XL,3,2026-02-22
R00329,P00059,경량 구스 다운 베스트,3,평범한 경량 베스트,그레이 색상으로 구매했는데 무난하게 잘 어울립니다. 특별히 좋다거나 나쁘다고 할 만한 점 없이 딱 평범한 경량 다운 베스트인 것 같아요. 편하게 입기 좋습니다.,그레이/2XL,8,2026-05-16
R00330,P00031,통3중 스테인리스 냄비 세트,5,역시 통3중! 너무 만족해요,"볶음, 찌개용으로 딱 좋은 구성이에요. 통3중이라 확실히 열 효율이 좋고 음식이 잘 눌어붙지 않아서 설거지도 편합니다. 오래 쓸 수 있을 것 같아요!",단일,5,2026-05-13
R00331,P00031,통3중 스테인리스 냄비 세트,3,"무난해요, 아주 좋지는 않네요",기대보다는 좀 평범해요. 디자인은 깔끔한데 손잡이 부분이 생각보다 뜨거워져서 조금 불편할 때가 있어요. 그래도 기본 기능은 합니다.,단일,1,2026-01-29
R00332,P00031,통3중 스테인리스 냄비 세트,5,주방이 환해졌어요! 튼튼하고 고급스러워요,스텐 냄비가 이렇게 예쁠 수 있나요? 심플하면서도 고급스러운 디자인에 반했어요. 바닥까지 통3중이라 열이 고르게 전달되어 요리하기 정말 편합니다. 맘에 쏙 들어요!,단일,14,2026-03-09
R00333,P00031,통3중 스테인리스 냄비 세트,5,가성비 최고! 배송도 빠르고 포장도 꼼꼼해요,"이 가격에 이 구성, 이 품질이라니 정말 득템했어요. 배송도 주문 다음날 바로 왔고, 냄비 하나하나 흠집 없이 꼼꼼하게 포장되어 있었습니다. 신혼 살림으로 강추해요!",단일,5,2026-01-26
R00334,P00031,통3중 스테인리스 냄비 세트,3,"괜찮긴 한데, 생각보다 세척이 번거로워요","냄비 자체는 튼튼하고 좋아요. 다만 스텐이라 그런지 첫 세척이 좀 힘들었고, 사용하다보니 물 얼룩이나 지문 자국이 생각보다 잘 남는 편이라 매번 닦아주는 게 번거롭네요.",단일,1,2026-05-31
R00335,P00031,통3중 스테인리스 냄비 세트,5,매일 쓰는 최애 냄비 등극! 주방 필수템이네요,"다양한 사이즈로 구성되어 있어서 국, 찌개, 라면 등 어떤 요리든 문제없어요. 스테인리스라 위생적이고 통3중이라 음식도 맛있게 됩니다. 왜 진작 안 샀을까 후회됩니다!",단일,14,2026-06-06
R00336,P00031,통3중 스테인리스 냄비 세트,4,전반적으로 만족! 아주 살짝 아쉬운 점도 있어요,"제품 자체는 견고하고 만족스러워요. 인덕션에도 잘 작동하고 요리도 잘 되고요. 다만 뚜껑 손잡이 부분이 완전 스텐이 아니라 살짝 아쉬운데, 전체적인 품질을 생각하면 괜찮습니다.",단일,8,2026-05-31
R00337,P00046,논슬립 옷걸이 30개입,3,무난해요,"미끄럼 방지 기능은 괜찮은데, 생각보다 두께감이 좀 있어서 옷장 공간을 많이 차지하네요. 가격 대비 나쁘진 않아요.",그레이,5,2026-01-11
R00338,P00046,논슬립 옷걸이 30개입,5,인생템 발견! 대만족입니다,"옷이 절대 미끄러지지 않아서 너무 좋아요. 얇으면서도 튼튼해서 옷장 정리도 깔끔하게 되고, 배송도 빠르고 완벽합니다!",그레이,5,2026-03-14
R00339,P00046,논슬립 옷걸이 30개입,3,괜찮긴 한데...,논슬립 기능은 좋은데 검정색이라 먼지가 좀 잘 붙는 편이에요. 그래도 옷 흘러내리는 건 없어서 그냥저냥 쓰고 있습니다.,아이보리,5,2026-01-18
R00340,P00046,논슬립 옷걸이 30개입,3,딱 가격만큼 하는 것 같아요,"엄청 좋다고는 못하겠고, 그렇다고 나쁘지도 않아요. 셔츠 같은 가벼운 옷 걸기에는 괜찮은데, 코트류는 좀 불안해요.",아이보리,1,2026-01-23
R00341,P00046,논슬립 옷걸이 30개입,3,생각했던 그대로입니다,"특별히 좋거나 나쁘다고 할 건 없고, 그냥 일반적으로 쓰는 논슬립 옷걸이에요. 색상은 화면이랑 똑같고, 배송도 빨랐어요.",그레이,3,2026-01-10
R00342,P00046,논슬립 옷걸이 30개입,3,아쉬운 점이 좀 있네요,"옷이 안 미끄러지는 건 좋은데, 옷걸이 자체가 살짝 휘어져 오는 게 몇 개 있었어요. 사용에는 문제 없지만 좀 아쉽네요.",그레이,0,2026-03-17
R00343,P00046,논슬립 옷걸이 30개입,5,깔끔하고 실용적이에요!,옷걸이가 얇고 견고해서 옷장 공간 활용에 최고예요. 니트류도 흘러내림 없이 잘 잡아줘서 너무 만족합니다.,그레이,5,2026-02-27
R00344,P00046,논슬립 옷걸이 30개입,5,재구매 의사 100%!,기존에 쓰던 옷걸이 다 버리고 이걸로 바꿨어요. 옷들이 가지런하게 정리되고 보기에도 훨씬 깔끔해졌습니다. 최고예요!,아이보리,2,2026-03-09
R00345,P00046,논슬립 옷걸이 30개입,1,정말 실망했어요,"배송 오면서 옷걸이 몇 개가 부러져 있었고, 논슬립 기능도 기대 이하였어요. 옷이 자꾸 흘러내려서 제대로 쓸 수가 없습니다.",아이보리,2,2026-03-17
R00346,P00046,논슬립 옷걸이 30개입,5,드디어 찾던 옷걸이!,얇으면서도 옷을 단단히 잡아줘서 옷장이 훨씬 넓어 보이고 정리도 쉬워졌어요. 왜 이제야 샀는지 후회됩니다!,아이보리,5,2026-03-04
R00347,P00046,논슬립 옷걸이 30개입,5,완벽한 선택이었어요,"디자인도 심플하고, 얇은 어깨끈 옷이나 미끄러운 소재 옷도 완벽하게 고정해 줘요. 이 가격에 이 품질은 정말 대박입니다.",아이보리,3,2026-03-03
R00348,P00046,논슬립 옷걸이 30개입,3,"보통이에요, 막 좋진 않네요","미끄럼 방지는 어느 정도 되는데, 생각보다 플라스틱이 유연해서 무거운 옷 걸면 좀 휘는 경향이 있어요. 막 추천하진 않아요.",아이보리,1,2026-02-26
R00349,P00046,논슬립 옷걸이 30개입,2,좀 별로네요...,"30개 중에 한두 개는 마감이 불량했고, 기대했던 것만큼 논슬립 기능이 강력하진 않아요. 그냥 저렴한 맛에 쓰는 정도입니다.",그레이,1,2026-02-22
R00350,P00054,오버핏 트렌치 코트,5,너무 예뻐요! 대만족입니다!,"오버핏이라 편하게 입을 수 있고, 베이지 색상이 정말 고급스러워 보여요. 배송도 빠르고 옷걸이에 걸어서 구김 없이 잘 도착했습니다!",블랙/M,1,2026-01-11
R00351,P00054,오버핏 트렌치 코트,5,인생 트렌치 만났어요!,키가 작은 편인데도 기장감이 딱 예쁘게 떨어져서 감동했어요. 재질도 부드럽고 구김이 덜해서 매일 손이 가는 옷이에요.,베이지/M,5,2026-06-05
R00352,P00054,오버핏 트렌치 코트,5,휘뚜루마뚜루 최고!,아무 옷에나 걸쳐도 다 잘 어울리고 따뜻해서 요즘 교복처럼 입고 있어요. 적당한 두께감도 좋고 마감 처리도 훌륭합니다.,베이지/M,8,2026-05-16
R00353,P00054,오버핏 트렌치 코트,5,백화점 퀄리티 부럽지 않네요!,온라인으로 트렌치 사는 건 처음인데 기대 이상이에요. 탄탄한 원단에 핏도 완벽해서 주변에서 다 어디서 샀냐고 물어봐요.,카키/L,3,2026-01-30
R00354,P00054,오버핏 트렌치 코트,1,실망 그 자체입니다.,사진이랑 너무 달라서 놀랐어요. 색상도 칙칙하고 재질도 너무 얇아서 가을에 입기엔 너무 추울 것 같아요.,베이지/S,0,2026-01-31
R00355,P00054,오버핏 트렌치 코트,5,대만족! 왜 이제야 샀을까요?,"오버핏이지만 부해 보이지 않고 여리여리한 핏이에요. 소매 길이도 적당하고, 어떤 이너랑 매치해도 잘 어울려서 코디 걱정 없어요.",카키/L,1,2026-01-15
R00356,P00054,오버핏 트렌치 코트,3,무난해요.,"기대했던 것보다는 평범한 핏이에요. 색상은 괜찮은데, 단추 부분이 조금 엉성하게 마감된 것 같아요.",베이지/M,0,2026-04-02
R00357,P00054,오버핏 트렌치 코트,2,아쉬워요.,"배송은 빨랐지만, 옷에서 쉰 냄새가 너무 심하게 나네요. 드라이 크리닝 먼저 해야 할 것 같아서 바로 입지는 못했어요.",카키/S,0,2026-01-30
R00358,P00054,오버핏 트렌치 코트,5,진짜 너무 마음에 들어요!,박시한 핏 좋아하는데 딱 제가 원하던 핏이라 대만족입니다. 블랙 색상 샀는데 먼지도 잘 안 붙고 관리하기 편해요.,카키/M,8,2026-02-22
R00359,P00054,오버핏 트렌치 코트,2,사진과 달라요.,"모델 핏처럼 예쁘게 나오지 않고, 생각보다 옷이 무거워서 어깨가 좀 불편하네요. 팔 부분도 너무 길어서 수선해야 할 것 같아요.",블랙/M,0,2026-01-22
R00360,P00054,오버핏 트렌치 코트,2,가격 대비 좀...,"저렴한 가격은 아닌데, 실밥이 여기저기 너무 많고 주머니는 살짝 찢어져서 왔어요. 검수 좀 더 신경 써주셨으면 좋겠어요.",카키/S,3,2026-01-22
R00361,P00076,미니 핸드블렌더,5,진짜 최고예요! 딱 제가 찾던 그 제품!,아침마다 과일 스무디 만들어 먹는데 정말 간편하고 세척도 쉬워서 너무 좋아요. 작지만 강력해서 기대 이상입니다!,블랙,8,2026-03-02
R00362,P00076,미니 핸드블렌더,3,그럭저럭 쓸만해요,"색상이나 디자인은 괜찮은데, 생각보다 소음이 좀 있네요. 간단한 음료 만들기는 좋아요.",블랙,0,2026-04-06
R00363,P00076,미니 핸드블렌더,3,아쉬운 점도 있네요,"배송은 빨랐는데, 큰 얼음은 잘 안 갈려서 좀 실망했어요. 야채나 부드러운 과일은 문제없어요.",블랙,5,2026-05-22
R00364,P00076,미니 핸드블렌더,5,와우! 이건 사야 돼!,"아이 이유식 만들려고 샀는데, 덩어리 없이 너무 곱게 잘 갈려요. 휴대하기도 좋아서 만족합니다.",화이트,0,2026-01-15
R00365,P00076,미니 핸드블렌더,4,전반적으로 만족합니다,블랙 색상으로 구매했는데 모던하고 예뻐요. 다만 용량이 살짝 아쉬워서 한 번에 많이 만들기는 힘들어요.,화이트,14,2026-06-03
R00366,P00076,미니 핸드블렌더,5,삶의 질이 올라갔어요,"회사 점심시간에 단백질 쉐이크 타 마시려고 샀는데, 믹서 기능이 정말 훌륭해요. 작아서 가방에 쏙 들어가니 너무 편합니다.",블랙,3,2026-04-17
R00367,P00076,미니 핸드블렌더,3,"평범해요, 무난하게 사용 중","특별히 좋지도 나쁘지도 않아요. 가볍고 잡기 편한데, 충전 시간이 좀 길게 느껴져요.",화이트,8,2026-03-20
R00368,P00076,미니 핸드블렌더,5,최고의 가성비 미니 블렌더!,"가격 대비 성능이 정말 뛰어납니다. 과일주스, 채소주스 모두 순식간에 만들 수 있어서 바쁜 아침에 효자템이에요.",화이트,1,2026-03-13
R00369,P00076,미니 핸드블렌더,3,기대는 좀 낮추는 게 좋을 듯,"디자인은 깜찍한데, 칼날이 생각보다 약한지 단단한 재료는 좀 버거워해요. 설명서에 미리 고지된 부분은 있어요.",화이트,8,2026-02-13
R00370,P00076,미니 핸드블렌더,3,장단점이 명확합니다,휴대성이 정말 좋아서 여행 갈 때도 챙겨갔어요. 근데 세척할 때 칼날 부분이 좁아서 좀 불편하네요.,화이트,0,2026-05-22
R00371,P00076,미니 핸드블렌더,5,이 가격에 이런 성능이라니!,"정말 기대 안 했는데, 힘도 좋고 배터리도 오래가네요. 캠핑 가서도 유용하게 쓰고 있습니다.",블랙,14,2026-02-18
R00372,P00076,미니 핸드블렌더,3,색상이 좀 애매해요,화이트로 시켰는데 약간 회색빛이 돌아서 조금 아쉽습니다. 기능은 문제없이 작동해요.,화이트,2,2026-03-05
R00373,P00008,하이웨스트 청바지,1,최악의 청바지,사이즈가 너무 작게 나왔어요. 평소 입던 사이즈인데 허벅지에서 걸려서 도저히 입을 수가 없네요. 완전 실망입니다.,라이트블루/30,8,2026-02-07
R00374,P00008,하이웨스트 청바지,1,실망 그 자체,허리가 너무 얇게 나와서 단추가 잠기지도 않아요. 허리만 너무 조이는 핏이라 반품 신청합니다.,라이트블루/26,1,2026-06-02
R00375,P00008,하이웨스트 청바지,2,색상이 사진과 달라요,모델이 입은 사진이랑 실제 색상이 너무 다릅니다. 생각했던 연청이 아니라서 아쉽네요.,라이트블루/30,0,2026-04-28
R00376,P00008,하이웨스트 청바지,2,핏이 애매하네요,하이웨스트라고 해서 구매했는데 배꼽 위로 올라오지도 않고 엉덩이 부분이 너무 축 처지는 핏이라 별로입니다.,카키/27,0,2026-04-05
R00377,P00008,하이웨스트 청바지,3,그냥저냥 입을만해요,"무난하게 입기 좋긴 한데, 허리가 좀 커서 수선해야 할 것 같아요. 기장은 적당합니다.",라이트블루/27,8,2026-01-15
R00378,P00008,하이웨스트 청바지,5,인생 청바지 찾았어요!,핏도 너무 예쁘고 하이웨스트라 다리도 길어 보여요! 착용감도 편해서 매일 입을 것 같아요.,라이트블루/28,0,2026-01-15
R00379,P00008,하이웨스트 청바지,5,만족스러운 구매!,배송도 빠르고 청바지 재질도 탄탄하니 너무 좋네요. 어떤 상의에도 잘 어울려서 코디하기 편해요.,카키/27,1,2026-03-13
R00380,P00008,하이웨스트 청바지,1,이건 뭐죠? 불량인가요?,받자마자 지퍼가 고장나 있었어요. 이런 불량 상품을 보내다니 너무 화가 나네요.,카키/29,3,2026-01-31
R00381,P00008,하이웨스트 청바지,2,신축성이 없네요,"신축성이 좋다는 후기가 있어서 샀는데, 생각보다 너무 뻣뻣해서 불편해요. 활동하기가 좀 어렵습니다.",라이트블루/29,14,2026-03-26
R00382,P00008,하이웨스트 청바지,3,가격 생각하면 괜찮아요,"가격 대비 품질은 나쁘지 않아요. 다만, 실밥 정리가 안 되어 있는 부분이 있어서 좀 아쉽네요.",카키/29,0,2026-06-09
R00383,P00008,하이웨스트 청바지,5,완전 강추합니다!,"색상, 핏, 착용감 뭐 하나 빠지는 게 없어요. 재구매 의사 100%입니다!",카키/26,8,2026-04-26
R00384,P00053,숏 패딩 점퍼,2,사이즈가 애매해요,S 시켰는데 생각보다 너무 작게 나왔네요. 딱 맞게 입는 스타일이 아닌데 팔 움직임도 불편하고 좀 끼는 느낌이에요.,카키/M,8,2026-03-25
R00385,P00053,숏 패딩 점퍼,3,그냥저냥 입을만해요,"베이지색은 화면이랑 거의 똑같아요. 근데 충전재가 좀 적은지 한겨울에는 좀 추울 것 같고, 딱히 특별한 점은 없네요.",카키/M,0,2026-05-19
R00386,P00053,숏 패딩 점퍼,3,디자인은 예쁜데 아쉬워요,"디자인은 귀엽고 예쁜데, 지퍼가 좀 뻑뻑하고 마감이 살짝 아쉬워요. 가격대 생각하면 나쁘지 않아요.",베이지/L,1,2026-01-27
R00387,P00053,숏 패딩 점퍼,2,실밥 정리가 엉망이네요,"옷 자체는 가볍고 따뜻한데, 여기저기 실밥이 너무 많아서 직접 다 잘라냈어요. 검수 좀 더 신경 써주셔야 할 것 같아요.",베이지/L,8,2026-05-10
R00388,P00053,숏 패딩 점퍼,4,데일리로 잘 입을 것 같아요,블랙으로 구매했는데 무난하게 어떤 옷에도 잘 어울리고 따뜻해요. 출퇴근길에 편하게 입기 딱 좋네요.,카키/S,14,2026-03-20
R00389,P00053,숏 패딩 점퍼,2,생각보다 너무 얇아요,"숏 패딩이라길래 어느 정도는 기대를 했는데, 생각보다 훨씬 얇아서 초겨울 정도에나 입을 수 있을 것 같아요. 한겨울엔 어림없겠네요.",베이지/S,2,2026-04-02
R00390,P00053,숏 패딩 점퍼,5,너무 예쁘고 따뜻해요!,아이보리색으로 샀는데 얼굴이 환해 보이고 너무 예뻐요! 가볍고 따뜻해서 매일 이것만 입게 되네요. 완전 추천합니다!,베이지/L,2,2026-05-13
R00391,P00053,숏 패딩 점퍼,1,불량 상품이 왔어요,받자마자 지퍼가 고장 나있어서 너무 황당했어요. 교환 신청하기도 번거롭고 정말 최악이네요.,카키/S,14,2026-04-28
R00392,P00053,숏 패딩 점퍼,5,인생 숏패딩 찾았어요!,핏도 너무 예쁘고 색상도 고급스러워요. 가격도 저렴한데 이 퀄리티라니 진짜 대박입니다. 소매 시보리도 짱짱해서 바람 안 들어와요!,베이지/S,3,2026-05-26
R00393,P00041,스팀 극세사 물걸레 리필 5매,5,정말 최고예요! 완전 만족합니다!,스팀 청소기 리필 찾고 있었는데 승승장구몰에서 저렴하게 득템했어요. 극세사 재질이라 흡수력도 좋고 바닥이 정말 깨끗해집니다. 배송도 빨랐어요!,단일,0,2026-05-21
R00394,P00041,스팀 극세사 물걸레 리필 5매,3,그냥저냥 쓸만해요,일반 극세사 물걸레 리필이랑 큰 차이는 없는 것 같아요. 가격 생각하면 무난한데 특별히 더 좋다고 느끼진 못했습니다. 사이즈는 잘 맞아요.,단일,1,2026-05-06
R00395,P00041,스팀 극세사 물걸레 리필 5매,2,너무 실망스럽네요,몇 번 사용하니까 극세사 보풀이 너무 많이 생겨요. 세탁할 때마다 줄어드는 느낌이라 오래 못 쓸 것 같아요. 품질이 좀 아쉽습니다.,단일,8,2026-03-31
R00396,P00041,스팀 극세사 물걸레 리필 5매,5,역시 오리지널이 최고!,타사 제품 몇 번 써봤는데 역시 이 제품이 제일 만족스러워요. 스팀 청소기에 딱 맞고 바닥 찌든 때도 시원하게 잘 닦입니다.,단일,8,2026-03-20
R00397,P00041,스팀 극세사 물걸레 리필 5매,1,돈 아까워요. 비추입니다.,배송은 빨랐는데 제품 질이 너무 안 좋아요. 보풀이 심하고 세탁 후에 많이 줄어들어서 사용하기가 어렵네요. 절대 다시 안 살 거예요.,단일,5,2026-06-02
R00398,P00041,스팀 극세사 물걸레 리필 5매,4,만족하고 잘 쓰고 있어요,"스팀 청소기에 호환도 잘 되고 먼지도 잘 닦여서 만족합니다. 5매라서 넉넉하게 쓸 수 있는 점도 좋고, 배송도 빨랐어요.",단일,2,2026-04-08
R00399,P00041,스팀 극세사 물걸레 리필 5매,5,가성비 갑이에요! 계속 구매할 예정입니다.,가격도 저렴한데 품질까지 좋아서 앞으로 계속 여기서 구매할 것 같아요. 바닥이 맨들맨들 깨끗해져서 매번 기분 좋게 청소합니다.,단일,8,2026-05-04
R00400,P00041,스팀 극세사 물걸레 리필 5매,5,완전 추천합니다! 청소가 즐거워요.,배송도 빠르고 포장도 꼼꼼하게 왔어요. 극세사 두께도 적당하고 스팀 청소기로 밀면 묵은 때가 시원하게 닦입니다. 더러워진 바닥이 새것처럼 변해요.,단일,3,2026-01-31
R00401,P00041,스팀 극세사 물걸레 리필 5매,2,두께가 너무 얇아요,리필 걸레가 너무 얇아서 스팀 열이 금방 식는 느낌이에요. 오래 쓰면 걸레가 금방 흐물거려져서 내구성이 아쉬웠습니다.,단일,8,2026-03-26
R00402,P00041,스팀 극세사 물걸레 리필 5매,3,그냥 평범해요,"딱히 좋지도 나쁘지도 않은 평범한 제품입니다. 가격이 저렴한 건 장점인데, 흡수력이 엄청 뛰어나진 않아요.",단일,1,2026-05-11
R00403,P00041,스팀 극세사 물걸레 리필 5매,3,괜찮긴 한데 건조가 느려요,"스팀 청소기에 잘 맞아서 사용은 하는데, 세탁 후 건조가 좀 더딘 편이에요. 꿉꿉한 냄새가 날 때도 있어서 아쉽습니다.",단일,2,2026-03-30
R00404,P00041,스팀 극세사 물걸레 리필 5매,3,무난한 선택이에요,"급하게 필요해서 구매했는데, 사용에 큰 불편함은 없습니다. 다른 제품이랑 큰 차이는 없는 것 같아서 다음엔 다른 제품도 비교해보고 싶네요.",단일,14,2026-05-17
R00405,P00041,스팀 극세사 물걸레 리필 5매,1,정말 별로네요. 청소가 더 힘들어져요.,걸레에서 자꾸 실밥이 풀리고 바닥에 보풀이 남아요. 청소하는 건지 쓰레기를 만드는 건지 모르겠습니다. 최악의 품질이에요.,단일,3,2026-01-29
R00406,P00041,스팀 극세사 물걸레 리필 5매,2,기대 이하였어요,광고에서 본 것만큼 찌든 때가 잘 닦이지 않아요. 그냥 일반 물걸레랑 다를 바 없는 느낌이라 실망했습니다. 재구매는 안 할 것 같아요.,단일,5,2026-01-18
R00407,P00049,저소음 미니 가습기 3L,2,생각보다 소음이 있어요,저소음이라고 해서 샀는데 기대 이하였습니다. 물탱크는 넉넉하지만 밤에 틀어두면 '쫄쫄쫄' 소리가 생각보다 거슬려요.,화이트,3,2026-03-28
R00408,P00049,저소음 미니 가습기 3L,5,딱 찾던 미니 가습기!,디자인도 깔끔하고 3L 용량이라 하루 종일 틀어도 문제 없어요. 무엇보다 정말 조용해서 침실에 두기 최고입니다. 강추해요!,화이트,3,2026-02-01
R00409,P00049,저소음 미니 가습기 3L,3,무난하게 쓸만해요,크기는 아담해서 좋고 가습도 잘 되는 편입니다. 다만 가끔 물 보충할 때 조심하지 않으면 물이 좀 흐르는 단점이 있어요.,화이트,8,2026-05-01
R00410,P00049,저소음 미니 가습기 3L,5,건조함 끝! 만족스러운 가습기,"회사 사무실에 두려고 샀는데, 3리터라 자주 채울 필요 없고 가습량도 풍부해요. 작은데도 성능이 좋고 소음도 거의 없어서 집중하기 좋아요.",블랙,14,2026-04-23
R00411,P00049,저소음 미니 가습기 3L,3,기대만큼은 아니지만 쓸만해요,"배송은 빨랐고 상품 자체는 나쁘지 않아요. 다만 분무량이 생각보다 강하지 않아서 넓은 공간에는 부족할 것 같고, 색상도 화면보다 살짝 어둡네요.",블랙,5,2026-02-01
R00412,P00049,저소음 미니 가습기 3L,2,뭔가 찝찝하네요..,"처음 받았을 때 포장이 좀 허술했고, 제품 본체에 미세한 스크래치가 있어서 새 제품 맞나 싶었어요. 저소음이라고 하지만 가끔 모터 소리가 들려서 신경쓰여요.",블랙,14,2026-05-27
R00413,P00049,저소음 미니 가습기 3L,4,전반적으로 만족합니다,"사이즈도 적당하고 디자인도 예뻐서 인테리어 해치지 않아요. 가습력 좋고 소음도 크지 않아서 만족하지만, 세척이 조금 더 간편했으면 좋겠어요.",블랙,0,2026-01-21
